id	same_as_id	duplicate_count	category	subject_policy	jp_prefix	jp_suffix	jp_with_b	zh_prefix	zh_suffix
2		1	B_NI	auto	に話題を振ったこと		{B}に話題を振ったこと	向{B}搭话的事情	
4		4	B_WO	auto	を無視したこと		{B}を無視したこと	无视{B}的事情	
5		2	B_NI	auto	に近づいたこと		{B}に近づいたこと	接近{B}的事情	
7		1	B_NI	auto	に、そっけない返事を	したこと	{B}に、そっけない返事を / したこと	对{B}做出冷淡回应	的事情
8		1	B_NO	auto	のふがいない態度を	叱ったこと	{B}のふがいない態度を / 叱ったこと	斥责{B}不争气的态度	的事情
9		2	B_TO_NO	auto	との会話を	切り上げたこと	{B}との会話を / 切り上げたこと	中断和{B}的对话	的事情
11	4	4	B_WO	auto	を無視したこと		{B}を無視したこと	无视{B}的事情	
14		1	B_NO	auto	のつれない態度を	嘆いたこと	{B}のつれない態度を / 嘆いたこと	感叹{B}冷淡态度	的事情
17		1	B_NO	auto	の態度にヘコんだこと		{B}の態度にヘコんだこと	因{B}的态度受打击的事情	
19		1	B_NO	auto	の態度に	動じなかったこと	{B}の態度に / 動じなかったこと	对{B}的态度不为所动	的事情
25		1	B_NI	auto	に照れたこと		{B}に照れたこと	对{B}害羞的事情	
31		1	B_HENO	auto	への視線を逸らしたこと		{B}への視線を逸らしたこと	移开看向{B}的视线的事情	
32		1	B_NI	auto	に笑いかけたこと		{B}に笑いかけたこと	对{B}微笑的事情	
33		1	B_NI	auto	に近寄ったこと		{B}に近寄ったこと	靠近{B}的事情	
35		1	NO_B	auto	一人で悩んだこと		一人で悩んだこと	独自烦恼的事情	
44		1	B_NI	auto	に機密情報を	聞き出したこと	{B}に機密情報を / 聞き出したこと	向{B}打探机密情报	的事情
48		1	B_KARA_NO	auto	からの問いに	わからないと答えたこと	{B}からの問いに / わからないと答えたこと	回答{B}的问题说不知道	的事情
49		1	B_NI	auto	に警告したこと		{B}に警告したこと	警告{B}的事情	
57		1	B_TO_NO	auto	との話を	切り上げたこと	{B}との話を / 切り上げたこと	中断和{B}的谈话	的事情
65		1	B_NI	auto	に機密情報を教えたこと		{B}に機密情報を教えたこと	把机密情报告诉{B}的事情	
73		1	B_NI	auto	に怒ってみせたこと		{B}に怒ってみせたこと	对{B}假装生气的事情	
81		1	B_KARA	auto	から身を離したこと		{B}から身を離したこと	从{B}身边离开的事情	
91		1	B_NI	auto	にキスしたこと		{B}にキスしたこと	亲吻{B}的事情	
93		1	B_WO	auto	を抱きしめたこと		{B}を抱きしめたこと	抱住{B}的事情	
94		1	B_NO	auto	の手を握ったこと		{B}の手を握ったこと	握住{B}的手的事情	
98		1	B_NI	auto	にささやいたこと		{B}にささやいたこと	对{B}低声细语的事情	
99		1	B_WO	auto	を強く抱きしめたこと		{B}を強く抱きしめたこと	紧紧抱住{B}的事情	
101		1	B_TO	auto	と指を絡めあったこと		{B}と指を絡めあったこと	和{B}十指相扣的事情	
102		1	B_KARA_NO	auto	からの誘いを	拒絶したこと	{B}からの誘いを / 拒絶したこと	拒绝{B}邀请	的事情
103		1	B_NI	auto	に、つれない態度の	理由を聞いたこと	{B}に、つれない態度の / 理由を聞いたこと	向{B}询问态度冷淡的理由	的事情
106		1	B_NI	auto	に、何でもないと	照れたこと	{B}に、何でもないと / 照れたこと	对{B}说没什么然后害羞	的事情
113		1	INTERNAL_AB	manual	に、$aへの好意を	尋ねたこと	{B}に、$aへの好意を / 尋ねたこと	向{B}询问对{A}的好感	的事情
116		1	INTERNAL_AB	manual	に、$aを避ける理由を	聞いたこと	{B}に、$aを避ける理由を / 聞いたこと	向{B}询问躲着{A}的理由	的事情
117		1	B_KARA_NO	auto	からの質問に	何も答えなかったこと	{B}からの質問に / 何も答えなかったこと	对{B}的提问什么也没回答	的事情
118		1	B_NI	auto	に、今はダメだと言って	拒絶したこと	{B}に、今はダメだと言って / 拒絶したこと	对{B}说现在不行然后拒绝	的事情
119		1	B_NI	auto	に、思わせぶりなことを	言ったこと	{B}に、思わせぶりなことを / 言ったこと	对{B}说了引人遐想的话	的事情
121		1	B_NI	auto	に、嫌いだと言ったこと		{B}に、嫌いだと言ったこと	对{B}说讨厌的事情	
122		1	B_NI	auto	に、嬉しいと言ったこと		{B}に、嬉しいと言ったこと	对{B}说开心的事情	
123		1	B_NI	auto	に、うそつきだと	言ったこと	{B}に、うそつきだと / 言ったこと	对{B}说是骗人	的事情
124		1	B_WO	auto	を嫌いだ	と言ったこと	{B}を嫌いだ / と言ったこと	说讨厌{B}	的事情
125		1	B_NI	auto	に抱きついたこと		{B}に抱きついたこと	紧紧抱住{B}的事情	
126		1	B_KARA	auto	から抱きつかれて	喜んでみせたこと	{B}から抱きつかれて / 喜んでみせたこと	被{B}抱住后表现出开心	的事情
127		1	B_KARA	auto	から抱きつかれて	たしなめたこと	{B}から抱きつかれて / たしなめたこと	被{B}抱住后加以责备	的事情
128		1	B_KARA	auto	から抱きつかれたが	無視したこと	{B}から抱きつかれたが / 無視したこと	被{B}抱住但无视了	的事情
134		1	B_NI_TAISHITE	auto	に対して、	上機嫌で話したこと	{B}に対して、 / 上機嫌で話したこと	对{B}心情愉快地说话	的事情
136		1	B_NI	auto	に、なれなれしく	接したこと	{B}に、なれなれしく / 接したこと	对{B}自来熟地接触	的事情
137		1	B_NO	auto	のなれなれしい態度に	そっけなく応対したこと	{B}のなれなれしい態度に / そっけなく応対したこと	对{B}自来熟的态度冷淡回应	的事情
139		1	B_NO	auto	のなれなれしい態度を	冷たくあしらったこと	{B}のなれなれしい態度を / 冷たくあしらったこと	冷淡对待{B}自来熟态度	的事情
141		1	B_NO	auto	の態度に	首をかしげたこと	{B}の態度に / 首をかしげたこと	对{B}的态度感到费解	的事情
143		3	B_WO	auto	を心配したこと		{B}を心配したこと	担心{B}的事情	
144		1	B_NO	auto	の様子を観察したこと		{B}の様子を観察したこと	观察{B}的样子的事情	
147		1	B_NI	auto	に、	我に返ってあやまったこと	{B}に、 / 我に返ってあやまったこと	回过神来向{B}道歉	的事情
148		1	B_WO	auto	を前にして	ぼーっとしていたこと	{B}を前にして / ぼーっとしていたこと	在{B}面前发呆	的事情
149		1	B_NI_TAISHITE	auto	に対して、	泣きそうな顔をしたこと	{B}に対して、 / 泣きそうな顔をしたこと	对{B}露出快要哭出来的表情	的事情
150		1	B_NI	auto	に、何でもない	と言ったこと	{B}に、何でもない / と言ったこと	对{B}说没什么	的事情
153		1	B_NI	auto	に、暗い調子で	話しかけたこと	{B}に、暗い調子で / 話しかけたこと	用低沉的语气向{B}搭话	的事情
155		1	B_NI	auto	に、そんな気分じゃない	と言ったこと	{B}に、そんな気分じゃない / と言ったこと	对{B}说没那个心情	的事情
157		1	B_NO	auto	の態度に	腹を立てたこと	{B}の態度に / 腹を立てたこと	对{B}的态度发火	的事情
160		1	B_NO	auto	の態度で	上機嫌になったこと	{B}の態度で / 上機嫌になったこと	因{B}的态度而变得心情愉快	的事情
164		1	B_NI	auto	に、	間をあけてうなずいたこと	{B}に、 / 間をあけてうなずいたこと	停顿片刻后对{B}点头	的事情
172		1	B_NO	auto	の泣きそうな顔を見ても	知らんぷりしたこと	{B}の泣きそうな顔を見ても / 知らんぷりしたこと	看到{B}快要哭出来的表情也装作没看见	的事情
173		1	B_NO	auto	の泣きそうな顔を見て	なぐさめの声をかけたこと	{B}の泣きそうな顔を見て / なぐさめの声をかけたこと	看到{B}快要哭出来的表情后出声安慰	的事情
175		1	B_NO	auto	の泣きそうな顔を見て	励ましたこと	{B}の泣きそうな顔を見て / 励ましたこと	看到{B}快要哭出来的表情后鼓励{B}	的事情
179		1	B_NI	auto	に、何も言わなくていい	と言ったこと	{B}に、何も言わなくていい / と言ったこと	对{B}说什么都不用说	的事情
182		1	B_NI_TAISHITE	auto	に対して、	黙っていたこと	{B}に対して、 / 黙っていたこと	对{B}沉默不语	的事情
183		2	B_NI	auto	に、やっぱり何でもない	と言ったこと	{B}に、やっぱり何でもない / と言ったこと	对{B}说果然还是没什么	的事情
184	143	3	B_WO	auto	を心配したこと		{B}を心配したこと	担心{B}的事情	
185		1	B_NO	auto	のことを、	変な奴だと思ったこと	{B}のことを、 / 変な奴だと思ったこと	觉得{B}是个怪人	的事情
186		1	B_NI	auto	に注意したこと		{B}に注意したこと	提醒{B}注意的事情	
187		1	B_NI	auto	に観察されているとき	ため息をついたこと	{B}に観察されているとき / ため息をついたこと	被{B}观察的时候叹了口气	的事情
188		1	B_WO	auto	を突き放したこと		{B}を突き放したこと	推开{B}的事情	
189		1	B_NI	auto	に、気にするな	と言ったこと	{B}に、気にするな / と言ったこと	对{B}说别在意	的事情
191	183	2	B_NI	auto	に、やっぱり何でもない	と言ったこと	{B}に、やっぱり何でもない / と言ったこと	对{B}说果然还是没什么	的事情
192		1	B_NO	auto	の返事に了解したこと		{B}の返事に了解したこと	对{B}的回复表示了解的事情	
193		1	B_NO	auto	の肩を叩いたこと		{B}の肩を叩いたこと	拍了拍{B}的肩膀的事情	
197		1	B_NI	auto	に、何かと尋ねたこと		{B}に、何かと尋ねたこと	向{B}询问有什么事的事情	
198		1	B_NI	auto	に、こんな話は	退屈そうだね、と言ったこと	{B}に、こんな話は / 退屈そうだね、と言ったこと	对{B}说这些话好像很无聊呢	的事情
199		1	B_KARA	auto	から、	それとなく離れたこと	{B}から、 / それとなく離れたこと	不着痕迹地从{B}身边离开	的事情
200		1	NO_B	auto	入浴したこと		入浴したこと	洗澡的事情	
209		1	B_NO	auto	の勉強を	邪魔したこと	{B}の勉強を / 邪魔したこと	打扰{B}学习	的事情
210		1	B_NI	auto	に勉強の邪魔をされたので	文句を言ったこと	{B}に勉強の邪魔をされたので / 文句を言ったこと	被{B}打扰了学习于是抱怨	的事情
211		1	B_NI	auto	に勉強の邪魔をされたが	無視して勉強したこと	{B}に勉強の邪魔をされたが / 無視して勉強したこと	被{B}打扰了学习但无视并继续学习	的事情
212		1	NO_B	auto	椅子に座ったこと		椅子に座ったこと	坐在椅子上的事情	
213		1	B_NI	auto	に文句を言われたので、	たしなめたこと	{B}に文句を言われたので、 / たしなめたこと	被{B}抱怨于是加以责备	的事情
217		1	B_NO	auto	の相手をしたこと		{B}の相手をしたこと	陪{B}的事情	
218		1	B_NO	auto	の相手は出来ない	と拒んだこと	{B}の相手は出来ない / と拒んだこと	以没法陪{B}为由拒绝	的事情
220		1	B_NI	auto	にかまうのを	あきらめたこと	{B}にかまうのを / あきらめたこと	放弃搭理{B}	的事情
222		1	B_WO	auto	を釣りに誘ったこと		{B}を釣りに誘ったこと	约{B}去钓鱼的事情	
226		1	B_TO	auto	と一緒に	テレビを観たこと	{B}と一緒に / テレビを観たこと	和{B}一起看电视	的事情
227		1	B_TO	auto	とテレビを観ているときに	チャンネルを変えたこと	{B}とテレビを観ているときに / チャンネルを変えたこと	和{B}一起看电视时换频道	的事情
229		1	B_TO	auto	とテレビを観ているときに	番組の文句を言ったこと	{B}とテレビを観ているときに / 番組の文句を言ったこと	和{B}一起看电视时抱怨节目	的事情
230		1	B_NO	auto	のチャンネル変更に	文句を言ったこと	{B}のチャンネル変更に / 文句を言ったこと	对{B}换频道的行为抱怨	的事情
231		1	B_NI	auto	にかまわず	黙ってテレビを観たこと	{B}にかまわず / 黙ってテレビを観たこと	不理{B}，默默看电视	的事情
236		1	B_NO	auto	の話に興味を持ったこと		{B}の話に興味を持ったこと	对{B}的话产生兴趣的事情	
237		1	B_TO	auto	と雑談をしたこと		{B}と雑談をしたこと	和{B}闲聊的事情	
247		1	B_NI	auto	に、学校の成績を	尋ねたこと	{B}に、学校の成績を / 尋ねたこと	向{B}询问学校成绩	的事情
248		1	B_NI	auto	に、学校の成績は	かなり良い、と答えたこと	{B}に、学校の成績は / かなり良い、と答えたこと	回答{B}说学校成绩相当好	的事情
249		1	B_NI	auto	に、学校の成績は	まあまあだ、と答えたこと	{B}に、学校の成績は / まあまあだ、と答えたこと	回答{B}说学校成绩还算可以	的事情
250		1	B_NI	auto	に、学校の成績は悪い	と答えたこと	{B}に、学校の成績は悪い / と答えたこと	回答{B}说学校成绩很差	的事情
251		1	B_NI	auto	に、学校の成績は最悪だ	と答えたこと	{B}に、学校の成績は最悪だ / と答えたこと	回答{B}说学校成绩糟糕透顶	的事情
273		1	B_NI_TAISHITE	auto	に対して	ふてくされたこと	{B}に対して / ふてくされたこと	对{B}闹别扭	的事情
278		1	B_NO	auto	の寝言に苦笑いしたこと		{B}の寝言に苦笑いしたこと	对{B}的梦话苦笑的事情	
280		1	B_WO	auto	を、とりあえず	抱きしめたこと	{B}を、とりあえず / 抱きしめたこと	总之先抱住{B}	的事情
281		1	B_NI	auto	に、とりあえず	抱き返したこと	{B}に、とりあえず / 抱き返したこと	总之先回抱{B}	的事情
282		1	B_KARA	auto	から、とりあえず	離れたこと	{B}から、とりあえず / 離れたこと	总之先从{B}身边离开	的事情
295		1	B_TO	auto	と、自滅促進プログラム	について、話をしたこと	{B}と、自滅促進プログラム / について、話をしたこと	和{B}谈论自灭促进计划	的事情
296		1	B_KARA	auto	からお小遣いを貰ったので	礼を言ったこと	{B}からお小遣いを貰ったので / 礼を言ったこと	从{B}那里拿到零花钱后道谢	的事情
297		1	B_NI	auto	に、お小遣いが欲しい	と言ったこと	{B}に、お小遣いが欲しい / と言ったこと	对{B}说想要零花钱	的事情
298		1	B_NI	auto	に、お小遣いを	渡したこと	{B}に、お小遣いを / 渡したこと	把零花钱交给{B}	的事情
299		1	B_NI	auto	に、お小遣いを	上げられなかったこと	{B}に、お小遣いを / 上げられなかったこと	没能给{B}零花钱	的事情
300		1	INTERNAL_AB	manual	からお小遣いを貰えず	$bに文句を言ったこと	{B}からお小遣いを貰えず / $bに文句を言ったこと	没从{B}那里拿到零花钱，于是向{B}抱怨	的事情
301		1	B_TO	auto	と、リツコのΑΤを	心配したこと	{B}と、リツコのΑΤを / 心配したこと	和{B}一起担心律子的AT	的事情
302		1	B_NI	auto	に、リツコなら大丈夫	と伝え、安心させたこと	{B}に、リツコなら大丈夫 / と伝え、安心させたこと	告诉{B}律子的话没问题让{B}放心	的事情
303		1	B_NI_TAISHITE	auto	に対して気まずくなり、	黙ってしまったこと	{B}に対して気まずくなり、 / 黙ってしまったこと	对{B}感到尴尬而沉默	的事情
304		1	B_NI	auto	に、情報収集を	頼んだこと	{B}に、情報収集を / 頼んだこと	拜托{B}收集情报	的事情
305		1	B_KARA_NO	auto	からの情報収集依頼に	了解したこと	{B}からの情報収集依頼に / 了解したこと	对{B}的情报收集委托表示了解	的事情
306		1	B_NO	auto	の情報収集協力に	礼を言ったこと	{B}の情報収集協力に / 礼を言ったこと	感谢{B}协助收集情报	的事情
311		1	B_KARA_NO	auto	からの情報収集依頼を	断ったこと	{B}からの情報収集依頼を / 断ったこと	拒绝{B}的情报收集委托	的事情
313		1	B_NI	auto	に耳打ちしたこと		{B}に耳打ちしたこと	对{B}耳语的事情	
314		1	B_NI	auto	に相づちをうったこと		{B}に相づちをうったこと	对{B}随声附和的事情	
315		1	B_NI	auto	に、心配するな	と言ったこと	{B}に、心配するな / と言ったこと	对{B}说别担心	的事情
319		1	B_TO_NO	auto	との作戦会議で、	質問の有無を確認したこと	{B}との作戦会議で、 / 質問の有無を確認したこと	在和{B}的作战会议上确认是否有问题	的事情
320		1	B_NO	auto	の提示した作戦内容に	対して、意見したこと	{B}の提示した作戦内容に / 対して、意見したこと	对{B}提出的作战内容发表意见	的事情
321		1	B_NO	auto	の作戦内容に	従ったこと	{B}の作戦内容に / 従ったこと	遵从{B}的作战内容	的事情
322		1	B_NO	auto	の作戦内容に対する不満に	異論したこと	{B}の作戦内容に対する不満に / 異論したこと	对{B}对作战内容的不满提出异议	的事情
323		1	B_TO_NO	auto	との作戦会議で	作戦を決定し、使徒に挑んだこと	{B}との作戦会議で / 作戦を決定し、使徒に挑んだこと	在和{B}的作战会议上决定作战方案后迎战使徒	的事情
324		1	B_NO	auto	の異論に対して	言い返したこと	{B}の異論に対して / 言い返したこと	反驳{B}的异议	的事情
325		1	B_NO	auto	の作戦内容に	しぶしぶ従ったこと	{B}の作戦内容に / しぶしぶ従ったこと	勉强遵从{B}的作战内容	的事情
345		1	B_NI	auto	に、食事の相席を	求めたこと	{B}に、食事の相席を / 求めたこと	向{B}请求同桌吃饭	的事情
346		1	B_NI	auto	に、食事の相席を	求められ、了承したこと	{B}に、食事の相席を / 求められ、了承したこと	被{B}请求同桌吃饭后同意了	的事情
347		1	B_NO	auto	の横に座って	食事をしたこと	{B}の横に座って / 食事をしたこと	坐在{B}旁边吃饭	的事情
348		1	B_NI	auto	に、食事の相席を	求められたが、断ったこと	{B}に、食事の相席を / 求められたが、断ったこと	被{B}请求同桌吃饭但拒绝了	的事情
349		1	B_NI	auto	に、食事の相席を	断られて、ヘコんだこと	{B}に、食事の相席を / 断られて、ヘコんだこと	请求和{B}同桌吃饭被拒后受打击	的事情
358		1	B_NI	auto	に、エヴァのパイロットを	辞める、と言ったこと	{B}に、エヴァのパイロットを / 辞める、と言ったこと	对{B}说不再当EVA驾驶员	的事情
359		1	B_NI	auto	に、パイロットを辞める	と言われ、受け入れたこと	{B}に、パイロットを辞める / と言われ、受け入れたこと	听{B}说不再当驾驶员后接受	的事情
360		1	B_NI	auto	に、パイロットを辞める	決意を問いただしたこと	{B}に、パイロットを辞める / 決意を問いただしたこと	追问{B}辞职决意	的事情
362		1	B_NI	auto	に、パイロットを辞める	決意は変わらないと言ったこと	{B}に、パイロットを辞める / 決意は変わらないと言ったこと	对{B}说辞职决心不变	的事情
363		1	B_NI	auto	に、パイロット辞任は	ウソだと言ったこと	{B}に、パイロット辞任は / ウソだと言ったこと	对{B}说辞任驾驶员是骗人	的事情
364		1	B_NI	auto	に、パイロット辞任は	ウソだと言われ、怒ったこと	{B}に、パイロット辞任は / ウソだと言われ、怒ったこと	听{B}说辞任驾驶员是骗人的后生气	的事情
378		1	B_NI	auto	に愚痴ったこと		{B}に愚痴ったこと	对{B}发牢骚的事情	
379		1	B_NO	auto	の愚痴を	黙って聞いたこと	{B}の愚痴を / 黙って聞いたこと	默默听{B}发牢骚	的事情
380		1	B_NO	auto	の愚痴に同意したこと		{B}の愚痴に同意したこと	同意{B}的牢骚的事情	
381		1	B_NO	auto	の愚痴に対して	疑問に思ったこと	{B}の愚痴に対して / 疑問に思ったこと	对{B}的牢骚感到疑惑	的事情
382		1	B_NI	auto	に、愚痴り続けたこと		{B}に、愚痴り続けたこと	对{B}发个不停牢骚的事情	
383		1	INTERNAL_AB	manual	の黙り込んだ様子に触れ	$aも黙ったこと	{B}の黙り込んだ様子に触れ / $aも黙ったこと	{A}看到{B}沉默的样子，自己也沉默了	的事情
386		1	B_NO	auto	の愚痴る様子に呆れ	突き放したこと	{B}の愚痴る様子に呆れ / 突き放したこと	对{B}发牢骚的样子无语后甩开不管	的事情
387		1	B_NO	auto	の続く愚痴を	黙って聞いたこと	{B}の続く愚痴を / 黙って聞いたこと	默默听{B}没完没了发牢骚	的事情
391		1	B_NI	auto	に真実を知りたいか	と聞かれ、はい、と答えたこと	{B}に真実を知りたいか / と聞かれ、はい、と答えたこと	被{B}问是否想知道真相后回答是	的事情
392		1	B_NI	auto	に真実を知りたいか	と聞かれ、いいえ、と答えたこと	{B}に真実を知りたいか / と聞かれ、いいえ、と答えたこと	被{B}问是否想知道真相后回答否	的事情
393		1	B_NI	auto	に本当に真実を知りたいか	と、更に尋ねたこと	{B}に本当に真実を知りたいか / と、更に尋ねたこと	向{B}进一步询问是否真的想知道真相	的事情
394		1	B_NI	auto	に、やっぱり真実は	知らなくていい、と答えたこと	{B}に、やっぱり真実は / 知らなくていい、と答えたこと	回答{B}说果然还是不用知道真相	的事情
395		1	B_NI	auto	に、どうしても	真実を知りたい、と答えたこと	{B}に、どうしても / 真実を知りたい、と答えたこと	回答{B}说无论如何都想知道真相	的事情
396		1	B_NI	auto	に、セントラルドグマへの	潜入方法を教えたこと	{B}に、セントラルドグマへの / 潜入方法を教えたこと	告诉{B}潜入中央教条的方法	的事情
401		1	B_KARA_NO	auto	からの意見書を	受け取ったこと	{B}からの意見書を / 受け取ったこと	接收了{B}的意见书	的事情
402		1	B_NO	auto	の意見書を	破り捨てたこと	{B}の意見書を / 破り捨てたこと	把{B}的意见书撕碎扔掉	的事情
403		1	B_KARA_NO	auto	からの意見書を	拒否したこと	{B}からの意見書を / 拒否したこと	拒绝{B}的意见书	的事情
404		1	B_NI	auto	に、意見書を渡したこと		{B}に、意見書を渡したこと	把意见书交给{B}的事情	
405		1	B_NI	auto	に意見書受理を	拒否され、食い下がったこと	{B}に意見書受理を / 拒否され、食い下がったこと	意见书被{B}拒绝受理后仍不罢休	的事情
406		1	B_NO	auto	の意見書を	仕方なく受理したこと	{B}の意見書を / 仕方なく受理したこと	无奈受理{B}的意见书	的事情
407		1	B_NO	auto	の意見書を	強く拒んだこと	{B}の意見書を / 強く拒んだこと	坚决拒绝{B}的意见书	的事情
411		1	B_NI	auto	に謝ったこと		{B}に謝ったこと	向{B}道歉的事情	
414		1	B_NI	auto	に逆ギレしたこと		{B}に逆ギレしたこと	对{B}恼羞成怒的事情	
417		1	B_NI	auto	に叱られ	黙っていたこと	{B}に叱られ / 黙っていたこと	被{B}训斥后沉默	的事情
476		3	NO_B	auto	意見書を審査したこと		意見書を審査したこと	审查意见书的事情	
479		1	B_WO	auto	をウザく感じて	無視したこと	{B}をウザく感じて / 無視したこと	觉得{B}很烦于是无视了	的事情
480		1	B_NI	auto	に無視されて	ヘコんだこと	{B}に無視されて / ヘコんだこと	被{B}无视后受打击	的事情
481		1	B_NI	auto	に、仕事中なのか	尋ねたこと	{B}に、仕事中なのか / 尋ねたこと	向{B}询问是不是正在工作	的事情
482		1	B_NI	auto	に、仕事中だと	答えたこと	{B}に、仕事中だと / 答えたこと	回答{B}说正在工作	的事情
483		1	B_NI	auto	に、仕事中だから	邪魔だ、と言ったこと	{B}に、仕事中だから / 邪魔だ、と言ったこと	对{B}说正在工作别来打扰	的事情
491		3	B_NI	auto	に、一緒に勉強しよう	と持ちかけたこと	{B}に、一緒に勉強しよう / と持ちかけたこと	向{B}提议一起学习	的事情
492		3	B_TO	auto	と一緒に勉強したこと		{B}と一緒に勉強したこと	和{B}一起学习的事情	
493		3	B_KARA_NO	auto	からの勉強の誘いを	断ったこと	{B}からの勉強の誘いを / 断ったこと	拒绝{B}的学习邀请	的事情
494	491	3	B_NI	auto	に、一緒に勉強しよう	と持ちかけたこと	{B}に、一緒に勉強しよう / と持ちかけたこと	向{B}提议一起学习	的事情
495	492	3	B_TO	auto	と一緒に勉強したこと		{B}と一緒に勉強したこと	和{B}一起学习的事情	
496	493	3	B_KARA_NO	auto	からの勉強の誘いを	断ったこと	{B}からの勉強の誘いを / 断ったこと	拒绝{B}的学习邀请	的事情
497	491	3	B_NI	auto	に、一緒に勉強しよう	と持ちかけたこと	{B}に、一緒に勉強しよう / と持ちかけたこと	向{B}提议一起学习	的事情
498	492	3	B_TO	auto	と一緒に勉強したこと		{B}と一緒に勉強したこと	和{B}一起学习的事情	
499	493	3	B_KARA_NO	auto	からの勉強の誘いを	断ったこと	{B}からの勉強の誘いを / 断ったこと	拒绝{B}的学习邀请	的事情
500		1	B_NI	auto	に、授業の復習をしよう	と持ちかけたこと	{B}に、授業の復習をしよう / と持ちかけたこと	向{B}提议一起复习功课	的事情
501		1	B_TO	auto	と一緒に、	授業の復習をしたこと	{B}と一緒に、 / 授業の復習をしたこと	和{B}一起复习功课	的事情
502		1	B_KARA_NO	auto	からの授業の復習の誘いを	断ったこと	{B}からの授業の復習の誘いを / 断ったこと	拒绝{B}的复习功课邀请	的事情
503		1	B_NI	auto	に、一緒に戦闘訓練を	しよう、と持ちかけたこと	{B}に、一緒に戦闘訓練を / しよう、と持ちかけたこと	向{B}提议一起进行战斗训练	的事情
504		1	B_TO	auto	と一緒に、	戦闘訓練をしたこと	{B}と一緒に、 / 戦闘訓練をしたこと	和{B}一起进行战斗训练	的事情
505		1	B_KARA_NO	auto	からの戦闘訓練の誘いを	断ったこと	{B}からの戦闘訓練の誘いを / 断ったこと	拒绝{B}的战斗训练邀请	的事情
506		1	B_NI	auto	に、調査の協力を	お願いしたこと	{B}に、調査の協力を / お願いしたこと	请求{B}协助调查	的事情
507		1	B_KARA_NO	auto	からの調査協力の依頼を	承諾したこと	{B}からの調査協力の依頼を / 承諾したこと	接受{B}的协助调查委托	的事情
508		1	B_KARA_NO	auto	からの調査協力の依頼を	断ったこと	{B}からの調査協力の依頼を / 断ったこと	拒绝{B}的协助调查请求	的事情
518		1	B_WO	auto	をおだてたこと		{B}をおだてたこと	奉承{B}的事情	
519		1	B_NI	auto	におだてられて	良い気分になったこと	{B}におだてられて / 良い気分になったこと	被{B}奉承后心情变好	的事情
520		1	B_NI	auto	におだてられたが、	いぶかしく感じたこと	{B}におだてられたが、 / いぶかしく感じたこと	被{B}奉承但感到可疑	的事情
559		1	B_NO	auto	の寝姿を	覗き込んだこと	{B}の寝姿を / 覗き込んだこと	偷看{B}睡姿	的事情
577		1	B_TO_NO	auto	との作戦会議で	異論が出たが、強行したこと	{B}との作戦会議で / 異論が出たが、強行したこと	在和{B}的作战会议上虽有异议但仍强行执行	的事情
578		1	NO_B	auto	コンビニのトイレに行ったこと		コンビニのトイレに行ったこと	去便利店上厕所的事情	
580		1	B_NO	auto	の相手を	テキトーにしたこと	{B}の相手を / テキトーにしたこと	随便应付{B}	的事情
583		1	NO_B	auto	テレビを観たこと		テレビを観たこと	看电视的事情	
585		1	NO_B	auto	壁に八つ当たりしたこと		壁に八つ当たりしたこと	对着墙撒气的事情	
588		1	B_NO	auto	の食事にあやかったこと		{B}の食事にあやかったこと	沾{B}的光蹭到饭的事情	
591		1	NO_B	auto	考え事をしたこと		考え事をしたこと	想事情的事情	
593		1	NO_B	auto	寝たこと		寝たこと	睡觉的事情	
595		1	NO_B	auto	お風呂に入ったこと		お風呂に入ったこと	泡澡的事情	
596		2	NO_B	auto	勉強したこと		勉強したこと	学习的事情	
597	596	2	NO_B	auto	勉強したこと		勉強したこと	学习的事情	
598		1	NO_B	auto	家出したこと		家出したこと	离家出走的事情	
600		1	NO_B	auto	他人の様子を心に留めたこと		他人の様子を心に留めたこと	把别人的样子记在心里的事情	
634		1	B_NI	auto	にアイテムを見せたこと		{B}にアイテムを見せたこと	给{B}看道具的事情	
635		1	B_NI	auto	にアイテムを見せられて	困惑したこと	{B}にアイテムを見せられて / 困惑したこと	被{B}展示道具后感到困惑	的事情
637		1	B_NI	auto	に見せたアイテムを	プレゼントすると言ったこと	{B}に見せたアイテムを / プレゼントすると言ったこと	说要把给{B}看的道具当礼物	的事情
638		1	B_NI	auto	に見せたアイテムは	見せただけだと言ったこと	{B}に見せたアイテムは / 見せただけだと言ったこと	说给{B}看的道具只是给看看而已	的事情
641		1	B_KARA_NO	auto	からのプレゼントを	喜んで受け取ったこと	{B}からのプレゼントを / 喜んで受け取ったこと	开心地收下{B}的礼物	的事情
642		2	B_KARA_NO	auto	からのプレゼントを	いらないと断ったこと	{B}からのプレゼントを / いらないと断ったこと	以不需要为由拒绝{B}的礼物	的事情
645		1	B_NI	auto	にプレゼントを渡したくて	食い下がったこと	{B}にプレゼントを渡したくて / 食い下がったこと	想把礼物给{B}而纠缠不休	的事情
650	642	2	B_KARA_NO	auto	からのプレゼントを	いらないと断ったこと	{B}からのプレゼントを / いらないと断ったこと	以不需要为由拒绝{B}的礼物	的事情
651		1	B_KARA_NO	auto	からのプレゼントを	しぶしぶ受け取ったこと	{B}からのプレゼントを / しぶしぶ受け取ったこと	勉为其难收下{B}的礼物	的事情
652		1	B_HENO	auto	へのプレゼントを断られて	ヘコんだこと	{B}へのプレゼントを断られて / ヘコんだこと	给{B}的礼物被拒绝后受打击	的事情
655		1	B_NI	auto	に、アイテムを見せただけ	と言われたが、平然としたこと	{B}に、アイテムを見せただけ / と言われたが、平然としたこと	被{B}说只是给看看而已但很平静	的事情
656		1	B_NI	auto	に、本当はプレゼントだ	と言ったこと	{B}に、本当はプレゼントだ / と言ったこと	对{B}说其实是礼物	的事情
657		1	B_NO	auto	の平然とした態度に	拍子抜けしたこと	{B}の平然とした態度に / 拍子抜けしたこと	对{B}平静的态度感到泄气	的事情
658		1	B_KARA_NO	auto	からのプレゼントを	呆れながら受け取ったこと	{B}からのプレゼントを / 呆れながら受け取ったこと	一边无语一边收下{B}的礼物	的事情
663		1	B_NI	auto	に、何しに来たのか	聞いたこと	{B}に、何しに来たのか / 聞いたこと	向{B}询问来做什么	的事情
664		1	NO_B	auto	は入院中だったが、	出撃要請をしたこと	は入院中だったが、 / 出撃要請をしたこと	虽然正在住院但还是发出了出击请求	的事情
665		1	NO_B	auto	は入院中だったので、	呼び出さなかったこと	は入院中だったので、 / 呼び出さなかったこと	因为正在住院所以没有叫出来	的事情
666		1	B_NI	auto	に、出撃させてほしい	と頼んだこと	{B}に、出撃させてほしい / と頼んだこと	向{B}请求让自己出击	的事情
667		1	B_NI	auto	に、役にたつから	出撃させろ、と言ったこと	{B}に、役にたつから / 出撃させろ、と言ったこと	对{B}说因为能派上用场所以让我出击	的事情
668		1	B_NI	auto	に、援護くらいなら出来る	と言ったこと	{B}に、援護くらいなら出来る / と言ったこと	对{B}说至少能做个掩护	的事情
669		1	B_NO	auto	の出撃を許可したこと		{B}の出撃を許可したこと	批准{B}出击的事情	
670		1	B_KARA_NO	auto	からの出撃要請に	しぶしぶ従ったこと	{B}からの出撃要請に / しぶしぶ従ったこと	勉强遵从{B}的出击请求	的事情
671		1	B_KARA_NO	auto	からの出撃要請を	拒んだこと	{B}からの出撃要請を / 拒んだこと	拒绝{B}的出击请求	的事情
672		1	B_NI	auto	に、退院を報告したこと		{B}に、退院を報告したこと	向{B}报告出院的事情	
673		1	INTERNAL_AB	manual	からの退院報告を受けて	$bを気遣ったこと	{B}からの退院報告を受けて / $bを気遣ったこと	收到{B}的出院报告后关心{B}	的事情
674		1	B_NI	auto	に、今の状況を	尋ねたこと	{B}に、今の状況を / 尋ねたこと	向{B}询问目前状况	的事情
675		1	B_NO	auto	の気遣いに、大丈夫だと	答えたこと	{B}の気遣いに、大丈夫だと / 答えたこと	回答{B}的关心说没问题	的事情
676		1	INTERNAL_AB	manual	に、$aが居なくて	大変だったか尋ねたこと	{B}に、$aが居なくて / 大変だったか尋ねたこと	问{B}：{A}不在时是不是很辛苦	的事情
678		1	B_NI	auto	に、今の状況は	あまり良くない、と答えたこと	{B}に、今の状況は / あまり良くない、と答えたこと	回答{B}说目前状况不太好	的事情
679		1	B_NI	auto	に、今の状況は	かなり良い、と答えたこと	{B}に、今の状況は / かなり良い、と答えたこと	回答{B}说目前状况相当好	的事情
680		1	B_NI	auto	に、今の状況なんて	気にするな、と言ったこと	{B}に、今の状況なんて / 気にするな、と言ったこと	对{B}说别管现在什么状况	的事情
681		1	B_NI	auto	に、微笑んだこと		{B}に、微笑んだこと	对{B}微笑的事情	
682		1	B_NI	auto	に、気をつけて	と言ったこと	{B}に、気をつけて / と言ったこと	对{B}说小心点	的事情
683		1	B_NI	auto	に、別に大変じゃなかった	と答えたこと	{B}に、別に大変じゃなかった / と答えたこと	回答{B}说并没有很辛苦	的事情
684		1	B_NI	auto	に、それなりに辛かった	と答えたこと	{B}に、それなりに辛かった / と答えたこと	回答{B}说也算挺辛苦	的事情
685		1	B_NO	auto	の言葉に驚いたこと		{B}の言葉に驚いたこと	对{B}的话感到吃惊的事情	
686		1	B_NO	auto	の言葉に愕然としたこと		{B}の言葉に愕然としたこと	对{B}的话感到愕然的事情	
687		1	B_TO	auto	と現状について	話したこと	{B}と現状について / 話したこと	和{B}谈论现状	的事情
688		1	B_KARA_NO	auto	からの現状についての話に	黙ってうなずいたこと	{B}からの現状についての話に / 黙ってうなずいたこと	对{B}关于现状的话默默点头	的事情
689		1	B_NO	auto	の現状についての話に、	心配は無いと答えたこと	{B}の現状についての話に、 / 心配は無いと答えたこと	对{B}关于现状的话回答说不用担心	的事情
690		1	B_KARA_NO	auto	からの現状についての話で	気まずくなったこと	{B}からの現状についての話で / 気まずくなったこと	因为{B}关于现状的话而感到尴尬	的事情
692		1	B_TO_NO	auto	との会話で	黙っていたこと	{B}との会話で / 黙っていたこと	在和{B}的对话中沉默不语	的事情
693		1	B_TO_NO	auto	との会話で	相づちをうったこと	{B}との会話で / 相づちをうったこと	在和{B}的对话中随声附和	的事情
698		1	B_NI	auto	に、何を食べるのか	尋ねたこと	{B}に、何を食べるのか / 尋ねたこと	向{B}询问要吃什么	的事情
700		1	B_NI	auto	に、食べるメニューを	伝えたこと	{B}に、食べるメニューを / 伝えたこと	告诉{B}要吃的菜单	的事情
701		1	B_NI	auto	に何を食べるか聞かれたが	無視したこと	{B}に何を食べるか聞かれたが / 無視したこと	被{B}问要吃什么但无视了	的事情
702		1	B_NI	auto	に何を食べるか聞かれて	迷っている、と答えたこと	{B}に何を食べるか聞かれて / 迷っている、と答えたこと	被{B}问要吃什么后回答说还在犹豫	的事情
709		1	B_NO	auto	の決めたメニューは	美味しいのか尋ねたこと	{B}の決めたメニューは / 美味しいのか尋ねたこと	问{B}决定的菜单好不好吃	的事情
710		1	B_NI	auto	に、伝えたメニューは	なかなか美味しい、と答えたこと	{B}に、伝えたメニューは / なかなか美味しい、と答えたこと	回答{B}说推荐的菜单相当好吃	的事情
711		1	B_NI	auto	に、伝えたメニューは	オススメはしない、と答えたこと	{B}に、伝えたメニューは / オススメはしない、と答えたこと	回答{B}说推荐的菜单不太推荐	的事情
741		1	B_NI	auto	に、軽く挨拶したこと		{B}に、軽く挨拶したこと	对{B}简单打了招呼的事情	
742	4	4	B_WO	auto	を無視したこと		{B}を無視したこと	无视{B}的事情	
743		1	B_KARA_NO	auto	からの挨拶に	返事をしたこと	{B}からの挨拶に / 返事をしたこと	回应{B}的招呼	的事情
744		1	B_NI	auto	に、小遣いを渡したこと		{B}に、小遣いを渡したこと	把零花钱交给{B}的事情	
745		1	NO_B	auto	コンビニで商品を選んだこと		コンビニで商品を選んだこと	在便利店挑选商品的事情	
747		1	NO_B	auto	コンビニで買い物をしたこと		コンビニで買い物をしたこと	在便利店买东西的事情	
765		1	NO_B	auto	自宅で残務処理をしたこと		自宅で残務処理をしたこと	处理支援设施修复预算申请的事情	
766		1	NO_B	auto	始末書の処理をしたこと		始末書の処理をしたこと	进行 dummy plug 研究的事情	
767		1	NO_B	auto	エヴァの補修予算請求を	したこと	エヴァの補修予算請求を / したこと	进行EVA运行时间延长研究	的事情
768		1	NO_B	auto	支援施設の修復予算請求を	したこと	支援施設の修復予算請求を / したこと	进行AT力场变形实验	的事情
769		1	NO_B	auto	ダミープラグの研究を	したこと	ダミープラグの研究を / したこと	进行AT力场增幅实验	的事情
770		1	NO_B	auto	エヴァの稼動時間延長の	研究をしたこと	エヴァの稼動時間延長の / 研究をしたこと	进行操作员工作	的事情
771		1	NO_B	auto	ΑΤフィールド変形試験を	行ったこと	ΑΤフィールド変形試験を / 行ったこと	进行司令工作	的事情
772		1	NO_B	auto	ΑΤフィールド増幅試験を	行ったこと	ΑΤフィールド増幅試験を / 行ったこと	进行副司令工作	的事情
773		3	NO_B	auto	オペレーター業務を	行ったこと	オペレーター業務を / 行ったこと	进行操作员工作	的事情
774		1	NO_B	auto	司令業務を行ったこと		司令業務を行ったこと	进行司令工作的事情	
775		1	NO_B	auto	副司令業務を行ったこと		副司令業務を行ったこと	进行副司令工作的事情	
780		1	B_NI	auto	にかまってみたこと		{B}にかまってみたこと	试着搭理{B}的事情	
781		1	B_NI	auto	にかまわれて	不思議に思ったこと	{B}にかまわれて / 不思議に思ったこと	被{B}搭理后感到奇怪	的事情
782		1	B_WO	auto	を無視して離れたこと		{B}を無視して離れたこと	无视{B}然后离开的事情	
784		1	B_NO	auto	の頭をなでたこと		{B}の頭をなでたこと	抚摸{B}的头的事情	
785		1	B_NI	auto	に皮肉を言ったこと		{B}に皮肉を言ったこと	对{B}挖苦讽刺的事情	
792		1	B_NI_TAISHITE	auto	に対して	首をかしげたこと	{B}に対して / 首をかしげたこと	对{B}感到费解	的事情
793		1	B_NI	auto	に離れられて、	ちょっと寂しかったこと	{B}に離れられて、 / ちょっと寂しかったこと	被{B}离开后有点寂寞	的事情
794		1	B_NO	auto	の事は	放っておいたこと	{B}の事は / 放っておいたこと	对{B}放任不管	的事情
795		1	B_NI	auto	に、すり寄ったこと		{B}に、すり寄ったこと	向{B}凑近的事情	
796		1	B_NI	auto	に、すり寄られたので	どうしたと尋ねたこと	{B}に、すり寄られたので / どうしたと尋ねたこと	被{B}凑近后询问怎么了	的事情
797		1	B_NI	auto	に何かを伝えるべく	グエと鳴いたこと	{B}に何かを伝えるべく / グエと鳴いたこと	为向{B}传达某事而咕咕叫	的事情
798		1	B_NI	auto	に向かって	かわいいしぐさをしたこと	{B}に向かって / かわいいしぐさをしたこと	对{B}做出可爱动作	的事情
800		1	B_NI	auto	に、かわいい	と言ったこと	{B}に、かわいい / と言ったこと	对{B}说好可爱	的事情
801		1	B_NI	auto	に、何かを言われたが	わからなかったこと	{B}に、何かを言われたが / わからなかったこと	被{B}说了什么但没听懂	的事情
809		1	B_NI	auto	に、資料を渡したこと		{B}に、資料を渡したこと	把资料交给{B}的事情	
810		1	B_KARA	auto	から資料を受け取り	礼を言ったこと	{B}から資料を受け取り / 礼を言ったこと	从{B}那里收到资料后道谢	的事情
811		1	B_NI	auto	に、入手した情報を	耳打ちしたこと	{B}に、入手した情報を / 耳打ちしたこと	把获得的情报耳语告诉{B}	的事情
812		1	B_KARA	auto	から情報を伝えてもらい	礼を言ったこと	{B}から情報を伝えてもらい / 礼を言ったこと	从{B}那里得到情报后道谢	的事情
813		1	B_NI	auto	に、何か話して	とせがんだこと	{B}に、何か話して / とせがんだこと	缠着{B}要{B}说点什么	的事情
814		1	B_TO_NO	auto	との会話で	気分転換をしたこと	{B}との会話で / 気分転換をしたこと	通过和{B}的对话转换心情	的事情
815		1	B_TO_NO	auto	との会話を	拒絶したこと	{B}との会話を / 拒絶したこと	拒绝和{B}对话	的事情
866		1	B_NI	auto	になでられて	気持ち良かったこと	{B}になでられて / 気持ち良かったこと	被{B}抚摸后很舒服	的事情
870		2	NO_B	auto	意見書を作成したこと		意見書を作成したこと	撰写意见书的事情	
875	476	3	NO_B	auto	意見書を審査したこと		意見書を審査したこと	审查意见书的事情	
883		1	NO_B	auto	情報技能の訓練をしたこと		情報技能の訓練をしたこと	进行情报技能训练的事情	
885		1	B_NI	auto	に、仕事の調子を	尋ねたこと	{B}に、仕事の調子を / 尋ねたこと	向{B}询问工作进展	的事情
886		1	B_NI	auto	に仕事の調子を尋ねられ	順調だと答えたこと	{B}に仕事の調子を尋ねられ / 順調だと答えたこと	被{B}询问工作进展后回答顺利	的事情
887		1	B_NI	auto	に仕事の調子を尋ねられ	芳しくないと答えたこと	{B}に仕事の調子を尋ねられ / 芳しくないと答えたこと	被{B}询问工作进展后回答不理想	的事情
889		1	B_NO	auto	の作業を	ねぎらったこと	{B}の作業を / ねぎらったこと	慰劳{B}的工作	的事情
890		1	B_KARA_NO	auto	からのねぎらいの言葉に	返答したこと	{B}からのねぎらいの言葉に / 返答したこと	回应{B}的慰劳话语	的事情
891		1	B_KARA_NO	auto	からのねぎらいの言葉に	謙遜してみせたこと	{B}からのねぎらいの言葉に / 謙遜してみせたこと	对{B}的慰劳话语表示谦虚	的事情
892		1	B_NI	auto	に、仕事の邪魔をした	と謝ったこと	{B}に、仕事の邪魔をした / と謝ったこと	对{B}为打扰工作而道歉	的事情
893		1	B_NO	auto	の仕事が大変そうだ	と言ったこと	{B}の仕事が大変そうだ / と言ったこと	说{B}的工作看起来很辛苦	的事情
894		1	B_NI	auto	に状況の不安を	語ったこと	{B}に状況の不安を / 語ったこと	向{B}倾诉对状况不安	的事情
899		3	B_NI	auto	に、たわいもない話を	したこと	{B}に、たわいもない話を / したこと	和{B}闲聊	的事情
900	899	3	B_NI	auto	に、たわいもない話を	したこと	{B}に、たわいもない話を / したこと	和{B}闲聊	的事情
901	899	3	B_NI	auto	に、たわいもない話を	したこと	{B}に、たわいもない話を / したこと	和{B}闲聊	的事情
903	5	2	B_NI	auto	に近づいたこと		{B}に近づいたこと	接近{B}的事情	
905		1	B_NO	auto	の退院を	気遣ったこと	{B}の退院を / 気遣ったこと	关心{B}出院	的事情
906	773	3	NO_B	auto	オペレーター業務を	行ったこと	オペレーター業務を / 行ったこと	进行操作员工作	的事情
907	773	3	NO_B	auto	オペレーター業務を	行ったこと	オペレーター業務を / 行ったこと	进行操作员工作	的事情
909		1	NO_B	auto	シャワーを浴びたこと		シャワーを浴びたこと	淋浴的事情	
927	870	2	NO_B	auto	意見書を作成したこと		意見書を作成したこと	撰写意见书的事情	
928	476	3	NO_B	auto	意見書を審査したこと		意見書を審査したこと	审查意见书的事情	
1000		12	B_NI	auto	に、前回の戦闘について	話したこと	{B}に、前回の戦闘について / 話したこと	对{B}讲述上次战斗	的事情
1001	1000	12	B_NI	auto	に、前回の戦闘について	話したこと	{B}に、前回の戦闘について / 話したこと	对{B}讲述上次战斗	的事情
1002	1000	12	B_NI	auto	に、前回の戦闘について	話したこと	{B}に、前回の戦闘について / 話したこと	对{B}讲述上次战斗	的事情
1003	1000	12	B_NI	auto	に、前回の戦闘について	話したこと	{B}に、前回の戦闘について / 話したこと	对{B}讲述上次战斗	的事情
1004	1000	12	B_NI	auto	に、前回の戦闘について	話したこと	{B}に、前回の戦闘について / 話したこと	对{B}讲述上次战斗	的事情
1005	1000	12	B_NI	auto	に、前回の戦闘について	話したこと	{B}に、前回の戦闘について / 話したこと	对{B}讲述上次战斗	的事情
1006		1	B_NO	auto	の、前回の戦闘での活躍を	賞賛したこと	{B}の、前回の戦闘での活躍を / 賞賛したこと	称赞{B}在上次战斗中的活跃	的事情
1007		1	B_NO	auto	の、前回の戦闘での善戦を	たたえたこと	{B}の、前回の戦闘での善戦を / たたえたこと	称赞{B}在上次战斗中的奋战	的事情
1008		1	B_NI	auto	に、今の調子でいけ	と言ったこと	{B}に、今の調子でいけ / と言ったこと	对{B}说保持现在的状态就好	的事情
1009		1	B_NI	auto	に、もっと注意しろ	と言ったこと	{B}に、もっと注意しろ / と言ったこと	对{B}说再注意一点	的事情
1010		1	B_NI	auto	に、もっと	気を引き締めろ、と言ったこと	{B}に、もっと / 気を引き締めろ、と言ったこと	对{B}说再绷紧一点	的事情
1011		1	B_NI	auto	に、先行き不安だ	と言ったこと	{B}に、先行き不安だ / と言ったこと	对{B}说前途堪忧	的事情
1012		1	B_WO	auto	を、何とかしろ	と責めたこと	{B}を、何とかしろ / と責めたこと	责备{B}让{B}想办法	的事情
1013		1	B_NI	auto	には、パイロットは無理だ	と言ったこと	{B}には、パイロットは無理だ / と言ったこと	对{B}说当驾驶员没戏	的事情
1014	1000	12	B_NI	auto	に、前回の戦闘について	話したこと	{B}に、前回の戦闘について / 話したこと	对{B}讲述上次战斗	的事情
1015	1000	12	B_NI	auto	に、前回の戦闘について	話したこと	{B}に、前回の戦闘について / 話したこと	对{B}讲述上次战斗	的事情
1016	1000	12	B_NI	auto	に、前回の戦闘について	話したこと	{B}に、前回の戦闘について / 話したこと	对{B}讲述上次战斗	的事情
1017	1000	12	B_NI	auto	に、前回の戦闘について	話したこと	{B}に、前回の戦闘について / 話したこと	对{B}讲述上次战斗	的事情
1018	1000	12	B_NI	auto	に、前回の戦闘について	話したこと	{B}に、前回の戦闘について / 話したこと	对{B}讲述上次战斗	的事情
1019	1000	12	B_NI	auto	に、前回の戦闘について	話したこと	{B}に、前回の戦闘について / 話したこと	对{B}讲述上次战斗	的事情
1020		1	B_NI	auto	に、楽勝だった	と言ったこと	{B}に、楽勝だった / と言ったこと	对{B}说轻松获胜	的事情
1021		1	B_NI	auto	に、労せず勝てた	と言ったこと	{B}に、労せず勝てた / と言ったこと	对{B}说不费吹灰之力就赢了	的事情
1022		1	B_NI	auto	に、努力の成果だ	と言ったこと	{B}に、努力の成果だ / と言ったこと	对{B}说是努力的成果	的事情
1023		1	B_NI	auto	に、少し苦戦した	と言ったこと	{B}に、少し苦戦した / と言ったこと	对{B}说稍微苦战了一番	的事情
1024		1	B_NI	auto	に、本調子じゃなかった	と言ったこと	{B}に、本調子じゃなかった / と言ったこと	对{B}说不在状态	的事情
1025		1	B_NI	auto	に、かなりやられた	と言ったこと	{B}に、かなりやられた / と言ったこと	对{B}说被打得相当惨	的事情
1026		1	B_NI	auto	に、もうパイロットを	辞めたい、と言ったこと	{B}に、もうパイロットを / 辞めたい、と言ったこと	对{B}说已经不想当驾驶员了	的事情
1027		1	B_NI	auto	に、弱気な態度を	見せたこと	{B}に、弱気な態度を / 見せたこと	对{B}表现出软弱态度	的事情
1028		1	B_NI	auto	に、第３新東京市の状況は	安泰している、と言ったこと	{B}に、第３新東京市の状況は / 安泰している、と言ったこと	对{B}说第三新东京市的状况很安稳	的事情
1029		1	B_NI	auto	に、第３新東京市の	迎撃機能は整った、と言ったこと	{B}に、第３新東京市の / 迎撃機能は整った、と言ったこと	对{B}说第三新东京市的迎击功能已完备	的事情
1030		1	B_NI	auto	に、第３新東京市の	被害が目立つ、と言ったこと	{B}に、第３新東京市の / 被害が目立つ、と言ったこと	对{B}说第三新东京市的受损很明显	的事情
1031		1	B_NI	auto	に、第３新東京市の住民は	ほぼ疎開した、と言ったこと	{B}に、第３新東京市の住民は / ほぼ疎開した、と言ったこと	对{B}说第三新东京市的居民基本已疏散	的事情
1032		1	B_NI	auto	に、第３新東京市の迎撃	機能は期待薄だ、と言ったこと	{B}に、第３新東京市の迎撃 / 機能は期待薄だ、と言ったこと	对{B}说第三新东京市的迎击功能难抱期待	的事情
1033		1	B_NI	auto	に、第３新東京市の破棄が	決定した、と言ったこと	{B}に、第３新東京市の破棄が / 決定した、と言ったこと	对{B}说已决定废弃第三新东京市	的事情
1034		1	B_NI	auto	に、使徒迎撃機能が万全で	安心だ、と答えたこと	{B}に、使徒迎撃機能が万全で / 安心だ、と答えたこと	回答{B}说使徒迎击功能万全所以很放心	的事情
1035		1	B_NI	auto	に、都市機能は万全	あとはエヴァ次第、と答えたこと	{B}に、都市機能は万全 / あとはエヴァ次第、と答えたこと	回答{B}说都市功能万全剩下就看EVA	的事情
1036		1	B_NI	auto	に、都市機能は	しばらくは大丈夫、と答えたこと	{B}に、都市機能は / しばらくは大丈夫、と答えたこと	回答{B}说都市功能暂时还没问题	的事情
1037		1	B_NI	auto	に、都市機能に不安があり	戦いは五分五分だ、と答えたこと	{B}に、都市機能に不安があり / 戦いは五分五分だ、と答えたこと	回答{B}说对都市功能有不安战斗是五五开	的事情
1038		1	B_NI	auto	に、都市機能不全のため	苦戦するだろう、と答えたこと	{B}に、都市機能不全のため / 苦戦するだろう、と答えたこと	回答{B}说因都市功能不全估计会苦战	的事情
1039		1	B_NI	auto	に、住民の疎開が進んで	もっと寂しくなる、と答えたこと	{B}に、住民の疎開が進んで / もっと寂しくなる、と答えたこと	回答{B}说居民疏散后会更冷清	的事情
1040		1	B_NI	auto	に、都市の迎撃機能には	期待出来ない、と答えたこと	{B}に、都市の迎撃機能には / 期待出来ない、と答えたこと	回答{B}说对都市迎击功能不能期待	的事情
1041		1	B_NI	auto	に、第３新東京市とも	お別れだ、と答えたこと	{B}に、第３新東京市とも / お別れだ、と答えたこと	回答{B}说要和第三新东京市告别了	的事情
1042		1	B_NI	auto	に、シンジが入院したが	大した事では無い、と言ったこと	{B}に、シンジが入院したが / 大した事では無い、と言ったこと	对{B}说真嗣住院了但没什么大不了	的事情
1043		1	B_NI	auto	に、シンジが入院したが	すぐに退院する、と言ったこと	{B}に、シンジが入院したが / すぐに退院する、と言ったこと	对{B}说真嗣住院了但马上就会出院	的事情
1044		1	B_NI	auto	に、シンジが入院して	少し心配だ、と言ったこと	{B}に、シンジが入院して / 少し心配だ、と言ったこと	对{B}说真嗣住院了有点担心	的事情
1045		1	B_NI	auto	に、シンジが入院したが	重傷のようだ、と言ったこと	{B}に、シンジが入院したが / 重傷のようだ、と言ったこと	对{B}说真嗣住院了好像是重伤	的事情
1046		1	B_NI	auto	に、シンジが入院したが	大丈夫だろうか、と言ったこと	{B}に、シンジが入院したが / 大丈夫だろうか、と言ったこと	对{B}说真嗣住院了不知道要不要紧	的事情
1047		1	B_NI	auto	に、シンジが入院したが	死なないよね、と言ったこと	{B}に、シンジが入院したが / 死なないよね、と言ったこと	对{B}说真嗣住院了不会死吧	的事情
1056		1	B_NI	auto	に、死んだシンジのことを	話したこと	{B}に、死んだシンジのことを / 話したこと	对{B}谈论死去的真嗣	的事情
1057		1	B_NI	auto	に、死んだアスカのことを	話したこと	{B}に、死んだアスカのことを / 話したこと	对{B}谈论死去的明日香	的事情
1059		1	B_NI	auto	に、死んだトウジのことを	話したこと	{B}に、死んだトウジのことを / 話したこと	对{B}谈论死去的冬治	的事情
1060		1	B_NI	auto	に、死んだカヲルのことを	話したこと	{B}に、死んだカヲルのことを / 話したこと	对{B}谈论死去的薰	的事情
1066		1	B_TO	auto	と、疎開が進んでいる	事について話したこと	{B}と、疎開が進んでいる / 事について話したこと	和{B}谈论疏散正在推进	的事情
1067		1	B_TO	auto	と、疎開で生徒が減った	事について話したこと	{B}と、疎開で生徒が減った / 事について話したこと	和{B}谈论因疏散学生减少	的事情
1068		1	B_TO	auto	と、コンビニの品揃えの	悪さについて話したこと	{B}と、コンビニの品揃えの / 悪さについて話したこと	和{B}谈论便利店商品种类变差	的事情
1069		1	B_TO	auto	と、コンビニから商品が	ほとんど消えていると話したこと	{B}と、コンビニから商品が / ほとんど消えていると話したこと	和{B}谈论便利店商品几乎都没了	的事情
1070		1	B_NO	auto	の話に同意したこと		{B}の話に同意したこと	同意{B}的话的事情	
1071		1	B_NO	auto	の話に、大丈夫だ	と希望的観測を述べたこと	{B}の話に、大丈夫だ / と希望的観測を述べたこと	对{B}的话说没关系并发表乐观看法	的事情
1072		1	B_TO	auto	と、ヒカリの家族の	死について話したこと	{B}と、ヒカリの家族の / 死について話したこと	和{B}谈论光家人的死	的事情
1073		1	B_TO	auto	と、トウジの疎開について	話したこと	{B}と、トウジの疎開について / 話したこと	和{B}谈论冬治疏散	的事情
1074		1	B_TO	auto	と、ケンスケ疎開について	話したこと	{B}と、ケンスケ疎開について / 話したこと	和{B}谈论剑介疏散	的事情
1075		1	B_TO	auto	と、ヒカリの疎開について	話したこと	{B}と、ヒカリの疎開について / 話したこと	和{B}谈论光疏散	的事情
1076		1	B_TO	auto	と、レイの住まいが	倒壊した事について話したこと	{B}と、レイの住まいが / 倒壊した事について話したこと	和{B}谈论丽的住处倒塌	的事情
1077		1	B_NO	auto	の話を聞き	絶句したこと	{B}の話を聞き / 絶句したこと	听了{B}的话后无言以对	的事情
1078		1	B_NO	auto	の話を聞き	胸を痛めたこと	{B}の話を聞き / 胸を痛めたこと	听了{B}的话后感到心痛	的事情
1079		1	B_NO	auto	の話を聞き	寂しがったこと	{B}の話を聞き / 寂しがったこと	听了{B}的话后感到寂寞	的事情
1083		1	B_NI	auto	に、今日は暑い	と話したこと	{B}に、今日は暑い / と話したこと	对{B}说今天很热	的事情
1084		1	B_KARA	auto	から、今日は暑いと	言われ、同意したこと	{B}から、今日は暑いと / 言われ、同意したこと	被{B}说今天很热后表示同意	的事情
1085		1	B_KARA	auto	から、今日は暑いと	言われたが、否定したこと	{B}から、今日は暑いと / 言われたが、否定したこと	被{B}说今天很热但否定了	的事情
1086		1	B_NI	auto	に、宿題をやったか	尋ねたこと	{B}に、宿題をやったか / 尋ねたこと	向{B}询问作业做了没有	的事情
1087		1	B_NI	auto	に、宿題はチャンとやった	と答えたこと	{B}に、宿題はチャンとやった / と答えたこと	回答{B}说作业好好做了	的事情
1088		1	B_NI	auto	に、宿題はやっていない	と答えたこと	{B}に、宿題はやっていない / と答えたこと	回答{B}说作业还没做	的事情
1089		1	B_KARA	auto	から宿題の話をされ	驚いたこと	{B}から宿題の話をされ / 驚いたこと	被{B}提起作业话题后吓了一跳	的事情
1090		1	B_NI	auto	に、妹の容態を	尋ねたこと	{B}に、妹の容態を / 尋ねたこと	向{B}询问妹妹的病况	的事情
1091		1	B_NI	auto	に、妹の調子は良い	と答えたこと	{B}に、妹の調子は良い / と答えたこと	回答{B}说妹妹状况不错	的事情
1092		1	B_NI	auto	に、妹の調子はボチボチだ	と答えたこと	{B}に、妹の調子はボチボチだ / と答えたこと	回答{B}说妹妹状况还凑合	的事情
1093		1	B_KARA	auto	から妹の容態を聞かれたが	黙ってしまったこと	{B}から妹の容態を聞かれたが / 黙ってしまったこと	被{B}问妹妹的病况但沉默了	的事情
1094		1	B_NI	auto	に、ミサトについて	尋ねたこと	{B}に、ミサトについて / 尋ねたこと	向{B}询问美里	的事情
1095		1	B_KARA	auto	からミサトの事を尋ねられ、	ミサトを誉めたこと	{B}からミサトの事を尋ねられ、 / ミサトを誉めたこと	被{B}问起美里的事后称赞美里	的事情
1096		1	B_KARA	auto	からミサトの事を尋ねられ、	良い人だ、と答えたこと	{B}からミサトの事を尋ねられ、 / 良い人だ、と答えたこと	被{B}问起美里的事后回答是个好人	的事情
1097		1	B_KARA	auto	からミサトの事を尋ねられ、	特に何も無い、と答えたこと	{B}からミサトの事を尋ねられ、 / 特に何も無い、と答えたこと	被{B}问起美里的事后回答没什么特别	的事情
1098		1	B_KARA	auto	からミサトの事を尋ねられ、	ミサトを軽くけなしたこと	{B}からミサトの事を尋ねられ、 / ミサトを軽くけなしたこと	被{B}问起美里的事后稍微贬低美里	的事情
1099		1	B_KARA	auto	からミサトの事を尋ねられ、	ミサトへの不満で返したこと	{B}からミサトの事を尋ねられ、 / ミサトへの不満で返したこと	被{B}问起美里的事后表达对美里不满	的事情
1100		1	B_KARA	auto	からミサトの事を答えられ、	軽く相づちをうったこと	{B}からミサトの事を答えられ、 / 軽く相づちをうったこと	被{B}回答了美里的事后轻轻附和	的事情
1101		1	B_NI	auto	に、加持へのノロケを	伝えたこと	{B}に、加持へのノロケを / 伝えたこと	对{B}炫耀加持	的事情
1102		1	B_NO	auto	の加持へのノロケ話に	耳を傾けたこと	{B}の加持へのノロケ話に / 耳を傾けたこと	倾听{B}炫耀加持	的事情
1103		1	B_NO	auto	の加持へのノロケ話を	興味なく流したこと	{B}の加持へのノロケ話を / 興味なく流したこと	对{B}炫耀加持的话题不感兴趣地打发掉	的事情
1104		1	B_NI	auto	に、加持への不信感を	伝えたこと	{B}に、加持への不信感を / 伝えたこと	对{B}表达对加持的不信任	的事情
1105		1	B_NI	auto	に加持をけなされ	ムカついたこと	{B}に加持をけなされ / ムカついたこと	{B}贬低加持后感到不爽	的事情
1106		1	B_NI	auto	に加持をけなされ	驚いたこと	{B}に加持をけなされ / 驚いたこと	{B}贬低加持后感到惊讶	的事情
1107		1	B_NI	auto	に、加持への不満を	爆発させたこと	{B}に、加持への不満を / 爆発させたこと	对{B}爆发出对加持的不满	的事情
1108		1	B_KARA	auto	から加持の話を聞かされ	テキトーに同意したこと	{B}から加持の話を聞かされ / テキトーに同意したこと	被{B}说了加持的事后随便附和	的事情
1109		1	INTERNAL_AB	manual	の加持に憤慨する様子を見て	$bをなだめたこと	{B}の加持に憤慨する様子を見て / $bをなだめたこと	看到{B}对加持感到愤慨，于是安抚{B}	的事情
1110		1	B_NI	auto	に、ΑΤの調子を	尋ねたこと	{B}に、ΑΤの調子を / 尋ねたこと	向{B}询问AT的状态	的事情
1111		1	B_NI	auto	にΑΤの調子を聞かれ	好調だ、と答えたこと	{B}にΑΤの調子を聞かれ / 好調だ、と答えたこと	被{B}问了AT状态后回答状态良好	的事情
1112		1	B_NI	auto	にΑΤの調子を聞かれ	普通だ、と答えたこと	{B}にΑΤの調子を聞かれ / 普通だ、と答えたこと	被{B}问了AT状态后回答普通	的事情
1113		1	B_NI	auto	にΑΤの調子を聞かれ	調子悪い、と答えたこと	{B}にΑΤの調子を聞かれ / 調子悪い、と答えたこと	被{B}问了AT状态后回答状态不好	的事情
1114		1	B_NI	auto	に、学校での様子を	尋ねたこと	{B}に、学校での様子を / 尋ねたこと	向{B}询问在学校的情况	的事情
1115		1	B_NI	auto	に学校での様子を聞かれ	楽しい、と答えたこと	{B}に学校での様子を聞かれ / 楽しい、と答えたこと	被{B}问了学校情况后回答很愉快	的事情
1116		1	B_NI	auto	に学校での様子を聞かれ	特に何も無い、と答えたこと	{B}に学校での様子を聞かれ / 特に何も無い、と答えたこと	被{B}问了学校情况后回答没什么特别的	的事情
1117		1	B_NI	auto	に学校での様子を聞かれ	楽しい事は無い、と答えたこと	{B}に学校での様子を聞かれ / 楽しい事は無い、と答えたこと	被{B}问了学校情况后回答没什么开心事的	的事情
1118		1	B_NO	auto	の学校生活に	発破をかけたこと	{B}の学校生活に / 発破をかけたこと	给{B}的学校生活鼓劲	的事情
1119		1	B_NO	auto	の学校生活に	気休めを言ったこと	{B}の学校生活に / 気休めを言ったこと	对{B}的学校生活说些安慰话	的事情
1120		1	B_NI	auto	に、仕事が忙しいのか	尋ねたこと	{B}に、仕事が忙しいのか / 尋ねたこと	向{B}询问工作是不是很忙	的事情
1121		1	B_NI	auto	に、仕事は楽に	こなせている、と答えたこと	{B}に、仕事は楽に / こなせている、と答えたこと	回答{B}说工作轻松应付	的事情
1122		1	B_NI	auto	に、仕事は残業無しで	こなせている、と答えたこと	{B}に、仕事は残業無しで / こなせている、と答えたこと	回答{B}说工作不用加班就能应付	的事情
1123		1	B_NI	auto	に、仕事は問題無く	こなせている、と答えたこと	{B}に、仕事は問題無く / こなせている、と答えたこと	回答{B}说工作没问题地应付着	的事情
1124		1	B_NI	auto	に、最近残業が増えている	と答えたこと	{B}に、最近残業が増えている / と答えたこと	回答{B}说最近加班变多了	的事情
1125		1	B_NI	auto	に、仕事は今一番忙しい	と答えたこと	{B}に、仕事は今一番忙しい / と答えたこと	回答{B}说现在工作最忙的时候	的事情
1126		1	B_NI	auto	に、ネルフはどんな組織か	尋ねたこと	{B}に、ネルフはどんな組織か / 尋ねたこと	向{B}询问NERV是什么样的组织	的事情
1127		1	B_NI	auto	に、ネルフについて	聞かれたので、答えたこと	{B}に、ネルフについて / 聞かれたので、答えたこと	被{B}问起NERV的事后做了回答	的事情
1128		1	B_NI	auto	に、エヴァについて	尋ねたこと	{B}に、エヴァについて / 尋ねたこと	向{B}询问EVA	的事情
1129		1	B_NI	auto	に、エヴァについて	聞かれたので、答えたこと	{B}に、エヴァについて / 聞かれたので、答えたこと	被{B}问起EVA的事后做了回答	的事情
1130		1	B_NI	auto	に、使徒について	尋ねたこと	{B}に、使徒について / 尋ねたこと	向{B}询问使徒	的事情
1131		3	B_NI	auto	に、使徒について	聞かれたので、答えたこと	{B}に、使徒について / 聞かれたので、答えたこと	被{B}问起使徒的事后做了回答	的事情
1132	1131	3	B_NI	auto	に、使徒について	聞かれたので、答えたこと	{B}に、使徒について / 聞かれたので、答えたこと	被{B}问起使徒的事后做了回答	的事情
1133	1131	3	B_NI	auto	に、使徒について	聞かれたので、答えたこと	{B}に、使徒について / 聞かれたので、答えたこと	被{B}问起使徒的事后做了回答	的事情
1134		1	B_NI	auto	に、使徒について聞かれたが	答えをはぐらかしたこと	{B}に、使徒について聞かれたが / 答えをはぐらかしたこと	被{B}问起使徒的事但含糊其辞	的事情
1135		1	B_NI	auto	に、人類補完計画について	尋ねたこと	{B}に、人類補完計画について / 尋ねたこと	向{B}询问人类补完计划	的事情
1136		1	B_NI	auto	に、人類補完計画について	聞かれたが、制止したこと	{B}に、人類補完計画について / 聞かれたが、制止したこと	被{B}问起人类补完计划但制止了	的事情
1137		1	B_NI	auto	に、人類補完計画について	聞かれ、軽く教えたこと	{B}に、人類補完計画について / 聞かれ、軽く教えたこと	被{B}问起人类补完计划后简单告知	的事情
1138		1	B_NI	auto	に、人類補完計画について	聞かれ、深く教えたこと	{B}に、人類補完計画について / 聞かれ、深く教えたこと	被{B}问起人类补完计划后深入告知	的事情
1139		1	B_NI	auto	に、父について	尋ねたこと	{B}に、父について / 尋ねたこと	向{B}询问父亲	的事情
1140		1	B_NI	auto	に、ゲンドウについて聞かれ	立派な人だ、と答えたこと	{B}に、ゲンドウについて聞かれ / 立派な人だ、と答えたこと	被{B}问起源堂的事后回答是个了不起的人	的事情
1141		1	B_NI	auto	に、ゲンドウについて聞かれ	忙しい人だ、と答えたこと	{B}に、ゲンドウについて聞かれ / 忙しい人だ、と答えたこと	被{B}问起源堂的事后回答是个忙碌的人	的事情
1142		1	B_NI	auto	に、ゲンドウについて聞かれ	最低の上司だ、と答えたこと	{B}に、ゲンドウについて聞かれ / 最低の上司だ、と答えたこと	被{B}问起源堂的事后回答是最差劲的上司	的事情
1143		1	B_NI	auto	に、ゲンドウについて聞かれ	よくわからない、と答えたこと	{B}に、ゲンドウについて聞かれ / よくわからない、と答えたこと	被{B}问起源堂的事后回答不太清楚	的事情
1144		1	B_NI	auto	に、ゲンドウへの評価を	教えて貰い、礼を言った	{B}に、ゲンドウへの評価を / 教えて貰い、礼を言った	感谢{B}告知对源堂的评价	的事情
1145		1	B_NO	auto	のゲンドウを尋ねる様子に	思わず突っ込んだこと	{B}のゲンドウを尋ねる様子に / 思わず突っ込んだこと	对{B}打听源堂的样子不由得吐槽	的事情
1146		1	B_NI	auto	に突っ込まれて	しどろもどろになったこと	{B}に突っ込まれて / しどろもどろになったこと	被{B}吐槽后语无伦次	的事情
1147		1	B_NI	auto	に、子供の様子を	尋ねたこと	{B}に、子供の様子を / 尋ねたこと	向{B}询问小孩的情况	的事情
1148		1	B_NI	auto	に、子供の様子を聞かれ	何の心配も無い、と答えたこと	{B}に、子供の様子を聞かれ / 何の心配も無い、と答えたこと	被{B}问了小孩情况后回答完全不用担心	的事情
1149		1	B_NI	auto	に、子供の様子を聞かれ	イイ感じだ、と答えたこと	{B}に、子供の様子を聞かれ / イイ感じだ、と答えたこと	被{B}问了小孩情况后回答感觉不错	的事情
1150		1	B_NI	auto	に、子供の様子を聞かれ	まあ平均的だ、と答えたこと	{B}に、子供の様子を聞かれ / まあ平均的だ、と答えたこと	被{B}问了小孩情况后回答还算普通	的事情
1151		1	B_NI	auto	に、子供の様子を聞かれ	ムラが有って困る、と答えたこと	{B}に、子供の様子を聞かれ / ムラが有って困る、と答えたこと	被{B}问了小孩情况后回答状态起伏很头疼	的事情
1152		1	B_NI	auto	に、子供の様子を聞かれ	調子が悪い、と答えたこと	{B}に、子供の様子を聞かれ / 調子が悪い、と答えたこと	被{B}问了小孩情况后回答状态不好	的事情
1153		1	B_NI	auto	に、エヴァの調子を	尋ねたこと	{B}に、エヴァの調子を / 尋ねたこと	向{B}询问EVA的状态	的事情
1154		1	B_NI	auto	に、エヴァの調子を聞かれ	最高の状態だ、と答えたこと	{B}に、エヴァの調子を聞かれ / 最高の状態だ、と答えたこと	被{B}问了EVA状态后回答状态绝佳	的事情
1155		1	B_NI	auto	に、エヴァの調子を聞かれ	順調だと答えたこと	{B}に、エヴァの調子を聞かれ / 順調だと答えたこと	被{B}问了EVA状态后回答顺利	的事情
1156		1	B_NI	auto	に、エヴァの調子を聞かれ	問題無い、と答えたこと	{B}に、エヴァの調子を聞かれ / 問題無い、と答えたこと	被{B}问了EVA状态后回答没问题	的事情
1157		1	B_NI	auto	に、エヴァの調子を聞かれ	問題が発生した、と答えたこと	{B}に、エヴァの調子を聞かれ / 問題が発生した、と答えたこと	被{B}问了EVA状态后回答出了问题	的事情
1158		1	B_NI	auto	に、エヴァの調子を聞かれ	芳しくない、と答えたこと	{B}に、エヴァの調子を聞かれ / 芳しくない、と答えたこと	被{B}问了EVA状态后回答不理想	的事情
1159		1	B_NO	auto	の諜報活動を牽制した		{B}の諜報活動を牽制した	牵制{B}的谍报活动的事情	
1160		1	B_NI	auto	に、諜報活動の事を聞かれ	とぼけたこと	{B}に、諜報活動の事を聞かれ / とぼけたこと	被{B}问起谍报活动时装糊涂	的事情
1161		1	B_NI	auto	に、諜報活動の事を聞かれ	誤魔化したこと	{B}に、諜報活動の事を聞かれ / 誤魔化したこと	被{B}问起谍报活动时蒙混过去	的事情
1162		1	B_NI	auto	に、諜報活動の事を聞かれ	そのうち話す、と答えたこと	{B}に、諜報活動の事を聞かれ / そのうち話す、と答えたこと	被{B}问起谍报活动时回答说之后再说	的事情
1163		1	B_NI	auto	に、諜報活動の事を聞かれ	見ぬフリをしてくれと返したこと	{B}に、諜報活動の事を聞かれ / 見ぬフリをしてくれと返したこと	被{B}问起谍报活动时回答请睁一只眼闭一只眼	的事情
1164		1	B_NI	auto	に、諜報活動の事を聞かれ	身の危険をつぶやいたこと	{B}に、諜報活動の事を聞かれ / 身の危険をつぶやいたこと	被{B}问起谍报活动时嘟囔会有生命危险	的事情
1167		1	B_NI	auto	に、プリントを	託したこと	{B}に、プリントを / 託したこと	把讲义托付给{B}	的事情
1172		1	B_NI	auto	に、プリントを	渡したこと	{B}に、プリントを / 渡したこと	把讲义交给{B}	的事情
1173		1	B_KARA	auto	から、プリントを	渡され、嬉しかったこと	{B}から、プリントを / 渡され、嬉しかったこと	从{B}那里收到讲义后很开心	的事情
1174		1	B_KARA	auto	から、プリントを	受け取ったこと	{B}から、プリントを / 受け取ったこと	从{B}那里接过讲义	的事情
1175		1	B_KARA	auto	から、プリントを	渡され、がっかりしたこと	{B}から、プリントを / 渡され、がっかりしたこと	从{B}那里收到讲义后很失望	的事情
1176		1	B_NO	auto	の退院を喜んだこと		{B}の退院を喜んだこと	为{B}出院感到开心的事情	
1177		1	B_NI	auto	に退院を祝われ	嬉しかったこと	{B}に退院を祝われ / 嬉しかったこと	被{B}庆祝出院后很开心	的事情
1178		1	B_NI	auto	に退院を祝われたこと		{B}に退院を祝われたこと	被{B}庆祝出院的事情	
1179		1	B_NI	auto	に退院を祝われたが	まだ本調子じゃないと答えたこと	{B}に退院を祝われたが / まだ本調子じゃないと答えたこと	被{B}庆祝出院但回答说还没完全恢复	的事情
1180		1	B_NO	auto	の退院を	心から喜んだこと	{B}の退院を / 心から喜んだこと	从心底为{B}出院感到开心	的事情
1181		1	B_NO	auto	の退院挨拶に	普通に返したこと	{B}の退院挨拶に / 普通に返したこと	对{B}的出院问候普通回应	的事情
1182		1	B_NO	auto	の退院挨拶を	無下に返したこと	{B}の退院挨拶を / 無下に返したこと	冷淡回应{B}的出院问候	的事情
1200		1	B_NO	auto	の楽しそうな様子を	指摘したこと	{B}の楽しそうな様子を / 指摘したこと	指出{B}看起来很开心的样子	的事情
1201		1	B_NO	auto	のやる気に満ちた様子を	指摘したこと	{B}のやる気に満ちた様子を / 指摘したこと	指出{B}充满干劲的样子	的事情
1202		1	B_NO	auto	の真剣な表情を	指摘したこと	{B}の真剣な表情を / 指摘したこと	指出{B}认真的表情	的事情
1203		1	B_NO	auto	の緊張した様子を	指摘したこと	{B}の緊張した様子を / 指摘したこと	指出{B}紧张的样子	的事情
1204		1	B_NO	auto	のホッとした様子を	指摘したこと	{B}のホッとした様子を / 指摘したこと	指出{B}松了一口气的样子	的事情
1205		1	B_NO	auto	の不安めいた様子を	指摘したこと	{B}の不安めいた様子を / 指摘したこと	指出{B}略显不安的样子	的事情
1206		1	B_NO	auto	の悲しんでいる様子を	指摘したこと	{B}の悲しんでいる様子を / 指摘したこと	指出{B}悲伤的样子	的事情
1207		1	B_NO	auto	の気が緩んでいる様子を	指摘したこと	{B}の気が緩んでいる様子を / 指摘したこと	指出{B}松懈的样子	的事情
1208		1	B_NO	auto	の落胆している様子を	指摘したこと	{B}の落胆している様子を / 指摘したこと	指出{B}沮丧的样子	的事情
1209		1	B_NO	auto	の不機嫌な様子を	指摘したこと	{B}の不機嫌な様子を / 指摘したこと	指出{B}不悦的样子	的事情
1210		1	B_NO	auto	の怒っている様子を	指摘したこと	{B}の怒っている様子を / 指摘したこと	指出{B}生气的样子	的事情
1211		1	B_NO	auto	の顔が赤かったので	指摘したこと	{B}の顔が赤かったので / 指摘したこと	指出{B}脸红了	的事情
1212		1	B_NO	auto	の恥らっている様子を	指摘したこと	{B}の恥らっている様子を / 指摘したこと	指出{B}害羞的样子	的事情
1213		1	B_NI	auto	に様子を尋ねられ	明るく肯定したこと	{B}に様子を尋ねられ / 明るく肯定したこと	被{B}询问情况后开朗地肯定	的事情
1214		1	B_NI	auto	に様子を尋ねられ	明るく誤魔化したこと	{B}に様子を尋ねられ / 明るく誤魔化したこと	被{B}询问情况后开朗地蒙混过去	的事情
1215		1	B_NI	auto	に様子を尋ねられ	明るく否定したこと	{B}に様子を尋ねられ / 明るく否定したこと	被{B}询问情况后开朗地否定	的事情
1216		1	B_NI	auto	に様子を尋ねられ	真剣に肯定したこと	{B}に様子を尋ねられ / 真剣に肯定したこと	被{B}询问情况后认真地肯定	的事情
1217		1	B_NI	auto	に様子を尋ねられ	誤魔化したこと	{B}に様子を尋ねられ / 誤魔化したこと	被{B}询问情况后蒙混过去	的事情
1218		1	B_NI	auto	に様子を尋ねられ	否定したこと	{B}に様子を尋ねられ / 否定したこと	被{B}询问情况后否定	的事情
1219		1	B_NI	auto	に様子を尋ねられ	気まずく肯定したこと	{B}に様子を尋ねられ / 気まずく肯定したこと	被{B}询问情况后尴尬地肯定	的事情
1220		1	B_NI	auto	に様子を尋ねられ	気まずく誤魔化したこと	{B}に様子を尋ねられ / 気まずく誤魔化したこと	被{B}询问情况后尴尬地蒙混过去	的事情
1221		1	B_NI	auto	に様子を尋ねられ	気まずく否定したこと	{B}に様子を尋ねられ / 気まずく否定したこと	被{B}询问情况后尴尬地否定	的事情
1222		1	B_NI	auto	に様子を尋ねられ	沈みがちに肯定したこと	{B}に様子を尋ねられ / 沈みがちに肯定したこと	被{B}询问情况后消沉地肯定	的事情
1223		1	B_NI	auto	に様子を尋ねられ	沈みがちに誤魔化したこと	{B}に様子を尋ねられ / 沈みがちに誤魔化したこと	被{B}询问情况后消沉地蒙混过去	的事情
1224		1	B_NI	auto	に様子を尋ねられ	沈みがちに否定したこと	{B}に様子を尋ねられ / 沈みがちに否定したこと	被{B}询问情况后消沉地否定	的事情
1225		1	B_NI	auto	に様子を尋ねられ	照れながら制止したこと	{B}に様子を尋ねられ / 照れながら制止したこと	被{B}询问情况后害羞地制止	的事情
1226		1	B_NI	auto	に様子を尋ねられ	照れながら誤魔化したこと	{B}に様子を尋ねられ / 照れながら誤魔化したこと	被{B}询问情况后害羞地蒙混过去	的事情
1227		1	B_NI	auto	に様子を尋ねられ	照れながら否定したこと	{B}に様子を尋ねられ / 照れながら否定したこと	被{B}询问情况后害羞地否定	的事情
1228		1	B_NI	auto	に様子を尋ねられたが、	無視したこと	{B}に様子を尋ねられたが、 / 無視したこと	被{B}询问情况但无视了	的事情
1229		1	B_TO_NO	auto	との会話を	さり気なく切り上げたこと	{B}との会話を / さり気なく切り上げたこと	自然地结束和{B}的对话	的事情
1230	9	2	B_TO_NO	auto	との会話を	切り上げたこと	{B}との会話を / 切り上げたこと	中断和{B}的对话	的事情
1231		1	B_TO_NO	auto	との会話を	無理やり打ち切ったこと	{B}との会話を / 無理やり打ち切ったこと	强行结束和{B}的对话	的事情
1241		1	NO_B	auto	授業を	普通に受けたこと	授業を / 普通に受けたこと	正常上课	的事情
1242		1	NO_B	auto	授業を	マジメに受けたこと	授業を / マジメに受けたこと	认真上课	的事情
1243		1	NO_B	auto	授業中、	コッソリ内職したこと	授業中、 / コッソリ内職したこと	上课时偷偷做别的事情	的事情
1244		1	NO_B	auto	授業中、	ぼんやりと外を眺めたこと	授業中、 / ぼんやりと外を眺めたこと	上课时发呆眺望窗外	的事情
1245		1	NO_B	auto	授業中、	居眠りをしたこと	授業中、 / 居眠りをしたこと	上课时打瞌睡	的事情
1246		1	B_WO	auto	を、授業中に	チラチラ見たこと	{B}を、授業中に / チラチラ見たこと	上课时偷偷看{B}	的事情
1247		1	B_TO	auto	と、授業中	メールで内緒話をしたこと	{B}と、授業中 / メールで内緒話をしたこと	和{B}上课时发短信悄悄聊天	的事情
1248		1	B_NI	auto	に、一緒に登校しよう	と持ちかけたこと	{B}に、一緒に登校しよう / と持ちかけたこと	向{B}提议一起上学	的事情
1249		1	B_TO	auto	と一緒に登校したこと		{B}と一緒に登校したこと	和{B}一起上学的事情	
1250		1	B_KARA_NO	auto	からの登校の誘いを	あいまいに断ったこと	{B}からの登校の誘いを / あいまいに断ったこと	含糊地拒绝{B}的上学邀请	的事情
1251		1	B_KARA_NO	auto	からの登校の誘いを	断ったこと	{B}からの登校の誘いを / 断ったこと	拒绝{B}的上学邀请	的事情
1252		1	B_TO	auto	と学校に急いだこと		{B}と学校に急いだこと	和{B}急忙赶去学校的事情	
1253		2	B_NI	auto	に、一緒にネルフ本部へ	行こう、と持ちかけたこと	{B}に、一緒にネルフ本部へ / 行こう、と持ちかけたこと	向{B}提议一起去NERV总部	的事情
1254		1	B_TO	auto	と一緒に	ネルフ本部へ向かったこと	{B}と一緒に / ネルフ本部へ向かったこと	和{B}一起前往NERV总部	的事情
1255		1	B_KARA_NO	auto	からのネルフ登庁の誘いを	あいまいに断ったこと	{B}からのネルフ登庁の誘いを / あいまいに断ったこと	含糊地拒绝{B}的NERV同行邀请	的事情
1256		1	B_KARA_NO	auto	からのネルフ登庁の誘いを	断ったこと	{B}からのネルフ登庁の誘いを / 断ったこと	拒绝{B}的NERV同行邀请	的事情
1257		1	B_TO	auto	とネルフ本部へ	急いだこと	{B}とネルフ本部へ / 急いだこと	和{B}急忙赶往NERV总部	的事情
1258		1	B_NI	auto	に、アイテムの交換を	持ちかけたこと	{B}に、アイテムの交換を / 持ちかけたこと	向{B}提议交换道具	的事情
1259		1	B_NI	auto	に、交換出来るアイテムは	持っていない、と伝えたこと	{B}に、交換出来るアイテムは / 持っていない、と伝えたこと	告诉{B}没有可以交换的道具	的事情
1260		1	B_KARA_NO	auto	からのアイテム交換の	誘いを、断ったこと	{B}からのアイテム交換の / 誘いを、断ったこと	拒绝{B}交换道具的邀请	的事情
1261		1	B_KARA_NO	auto	からのアイテム交換の	誘いに乗ったこと	{B}からのアイテム交換の / 誘いに乗ったこと	接受{B}交换道具的邀请	的事情
1262		1	B_TO_NO	auto	とのアイテム交換を	やっぱりいい、と断ったこと	{B}とのアイテム交換を / やっぱりいい、と断ったこと	说还是算了然后拒绝和{B}交换道具	的事情
1263		2	B_TO_NO	auto	とのアイテム交換で	欲しい物を選んだこと	{B}とのアイテム交換で / 欲しい物を選んだこと	在和{B}的道具交换中挑选想要的东西	的事情
1264		2	B_TO_NO	auto	とのアイテム交換で	選ばれた物を断ったこと	{B}とのアイテム交換で / 選ばれた物を断ったこと	在和{B}的道具交换中拒绝被选中的东西	的事情
1265	1263	2	B_TO_NO	auto	とのアイテム交換で	欲しい物を選んだこと	{B}とのアイテム交換で / 欲しい物を選んだこと	在和{B}的道具交换中挑选想要的东西	的事情
1266	1264	2	B_TO_NO	auto	とのアイテム交換で	選ばれた物を断ったこと	{B}とのアイテム交換で / 選ばれた物を断ったこと	在和{B}的道具交换中拒绝被选中的东西	的事情
1267		1	B_TO_NO	auto	とのアイテム交換で	交渉成立したこと	{B}とのアイテム交換で / 交渉成立したこと	和{B}的道具交换谈成了	的事情
1270		1	NO_B	auto	天井を見つめたこと		天井を見つめたこと	盯着天花板看的事情	
1271		2	NO_B	auto	ぼんやりしたこと		ぼんやりしたこと	发呆的事情	
1274		1	NO_B	auto	音楽を聴いたこと		音楽を聴いたこと	听音乐的事情	
1275		1	NO_B	auto	雑誌を読んだこと		雑誌を読んだこと	读杂志的事情	
1277		1	NO_B	auto	ゲンドウのメガネを	見つめたこと	ゲンドウのメガネを / 見つめたこと	盯着源堂的眼镜看	的事情
1278		1	NO_B	auto	ビールを飲んだこと		ビールを飲んだこと	喝啤酒的事情	
1279		6	B_NI	auto	に話しかけたこと		{B}に話しかけたこと	向{B}搭话的事情	
1280		1	B_KARA	auto	から話しかけられ、ベッド	から立ち上がり応対したこと	{B}から話しかけられ、ベッド / から立ち上がり応対したこと	被{B}搭话后从床上站起来应对	的事情
1281		2	B_KARA	auto	から話しかけられたが	追い払ったこと	{B}から話しかけられたが / 追い払ったこと	被{B}搭话但赶走{B}	的事情
1284		2	NO_B	auto	ぼんやりとくつろいだこと		ぼんやりとくつろいだこと	发呆放松的事情	
1285		2	NO_B	auto	ジュースを飲んだこと		ジュースを飲んだこと	喝果汁的事情	
1286	1279	6	B_NI	auto	に話しかけたこと		{B}に話しかけたこと	向{B}搭话的事情	
1287	1279	6	B_NI	auto	に話しかけたこと		{B}に話しかけたこと	向{B}搭话的事情	
1288		1	B_KARA	auto	から話しかけられ、ベンチ	から立ち上がり応対したこと	{B}から話しかけられ、ベンチ / から立ち上がり応対したこと	被{B}搭话后从长椅上站起来应对	的事情
1289	1281	2	B_KARA	auto	から話しかけられたが	追い払ったこと	{B}から話しかけられたが / 追い払ったこと	被{B}搭话但赶走{B}	的事情
1292	1284	2	NO_B	auto	ぼんやりとくつろいだこと		ぼんやりとくつろいだこと	发呆放松的事情	
1293	1285	2	NO_B	auto	ジュースを飲んだこと		ジュースを飲んだこと	喝果汁的事情	
1294	1279	6	B_NI	auto	に話しかけたこと		{B}に話しかけたこと	向{B}搭话的事情	
1295		1	B_NI	auto	に、ハーモニクステストを	依頼したこと	{B}に、ハーモニクステストを / 依頼したこと	向{B}请求进行同步测试	的事情
1296		1	B_KARA	auto	からハーモニクステストを	依頼されたが、断ったこと	{B}からハーモニクステストを / 依頼されたが、断ったこと	被{B}请求进行同步测试但拒绝了	的事情
1297		1	B_NO	auto	のハーモニクステストを	行ったこと	{B}のハーモニクステストを / 行ったこと	对{B}进行同步测试	的事情
1305		1	B_NO	auto	のハーモニクステストの	結果に、満足したこと	{B}のハーモニクステストの / 結果に、満足したこと	对{B}的同步测试结果感到满意	的事情
1306		1	B_NO	auto	のハーモニクステストの	結果に、安心したこと	{B}のハーモニクステストの / 結果に、安心したこと	对{B}的同步测试结果感到安心	的事情
1307		1	B_NO	auto	のハーモニクステストの	結果に、落胆したこと	{B}のハーモニクステストの / 結果に、落胆したこと	对{B}的同步测试结果感到失望	的事情
1308		1	B_WO	auto	を屋上に誘ったこと		{B}を屋上に誘ったこと	约{B}去屋顶的事情	
1309		1	B_KARA_NO	auto	からの屋上への誘いに	乗ったこと	{B}からの屋上への誘いに / 乗ったこと	接受{B}的屋顶邀请	的事情
1310		1	B_KARA_NO	auto	からの屋上への誘いに	あいまいに断ったこと	{B}からの屋上への誘いに / あいまいに断ったこと	含糊地拒绝{B}的屋顶邀请	的事情
1311		1	B_KARA_NO	auto	からの屋上への誘いに	断ったこと	{B}からの屋上への誘いに / 断ったこと	拒绝{B}的屋顶邀请	的事情
1312		1	B_TO	auto	と、屋上から	階下に戻ったこと	{B}と、屋上から / 階下に戻ったこと	和{B}一起从屋顶回到楼下	的事情
1313		1	B_WO	auto	をネルフの屋外へ	誘ったこと	{B}をネルフの屋外へ / 誘ったこと	约{B}去NERV室外	的事情
1314		1	B_KARA_NO	auto	からのネルフ屋外への	誘いに乗ったこと	{B}からのネルフ屋外への / 誘いに乗ったこと	接受{B}的NERV室外邀请	的事情
1315		1	B_KARA_NO	auto	からのネルフ屋外への	誘いを、あいまいに断ったこと	{B}からのネルフ屋外への / 誘いを、あいまいに断ったこと	含糊地拒绝{B}的NERV室外邀请	的事情
1316		1	B_KARA_NO	auto	からのネルフ屋外への	誘いを、断ったこと	{B}からのネルフ屋外への / 誘いを、断ったこと	拒绝{B}的NERV室外邀请	的事情
1317		1	B_TO	auto	と、ネルフ屋外から	本部内へ戻ったこと	{B}と、ネルフ屋外から / 本部内へ戻ったこと	和{B}一起从NERV室外回到本部内	的事情
1318		1	B_NI	auto	に、シンクロ技能訓練を	依頼したこと	{B}に、シンクロ技能訓練を / 依頼したこと	向{B}请求进行同步技能训练	的事情
1319		1	NO_B	auto	参謀技能の	訓練をしたこと	参謀技能の / 訓練をしたこと	进行参谋技能训练	的事情
1320		1	NO_B	auto	開発技能の	訓練をしたこと	開発技能の / 訓練をしたこと	进行开发技能训练	的事情
1321		3	NO_B	auto	オペレート技能の	訓練をしたこと	オペレート技能の / 訓練をしたこと	进行操作员技能训练	的事情
1322	1321	3	NO_B	auto	オペレート技能の	訓練をしたこと	オペレート技能の / 訓練をしたこと	进行操作员技能训练	的事情
1323	1321	3	NO_B	auto	オペレート技能の	訓練をしたこと	オペレート技能の / 訓練をしたこと	进行操作员技能训练	的事情
1324		1	NO_B	auto	諜報技能の	訓練をしたこと	諜報技能の / 訓練をしたこと	进行谍报技能训练	的事情
1325		2	NO_B	auto	事務技能の	訓練をしたこと	事務技能の / 訓練をしたこと	进行事务技能训练	的事情
1326		2	NO_B	auto	情報技能の	訓練をしたこと	情報技能の / 訓練をしたこと	进行情报技能训练	的事情
1327		1	NO_B	auto	白兵技能の	訓練をしたこと	白兵技能の / 訓練をしたこと	进行白刃战技能训练	的事情
1328		1	NO_B	auto	お弁当を作ったこと		お弁当を作ったこと	做便当的事情	
1334		1	NO_B	auto	街から逃げ出したこと		街から逃げ出したこと	从街上逃走的事情	
1335	1271	2	NO_B	auto	ぼんやりしたこと		ぼんやりしたこと	发呆的事情	
1337		1	NO_B	auto	顔を洗ったこと		顔を洗ったこと	洗脸的事情	
1339		1	NO_B	auto	自己啓発して奮起したこと		自己啓発して奮起したこと	自我激励振作起来的事情	
1340		1	NO_B	auto	自己嫌悪して落ち込んだこと		自己嫌悪して落ち込んだこと	自我厌恶陷入消沉的事情	
1341		1	NO_B	auto	零号機を見たこと		零号機を見たこと	看零号机的事情	
1342		1	NO_B	auto	初号機を見たこと		初号機を見たこと	看初号机的事情	
1343		1	NO_B	auto	弐号機を見たこと		弐号機を見たこと	看二号机的事情	
1344		1	NO_B	auto	参号機を見たこと		参号機を見たこと	看三号机的事情	
1345		1	NO_B	auto	四号機を見たこと		四号機を見たこと	看四号机的事情	
1346		1	NO_B	auto	ネルフの戦力の現状を	確認したこと	ネルフの戦力の現状を / 確認したこと	确认NERV战力现状	的事情
1347		1	NO_B	auto	ネルフ総合情報を見たこと		ネルフ総合情報を見たこと	看NERV综合信息的事情	
1348		1	B_NI	auto	に、	アイテムをねだったこと	{B}に、 / アイテムをねだったこと	向{B}讨要道具	的事情
1349		1	B_NI	auto	に、	アイテムを選ばせたこと	{B}に、 / アイテムを選ばせたこと	让{B}挑选道具	的事情
1350		1	B_KARA	auto	からアイテムを	ねだられたが、断ったこと	{B}からアイテムを / ねだられたが、断ったこと	被{B}讨要道具但拒绝了	的事情
1351		1	B_NI	auto	に、欲しいアイテムを	伝えたこと	{B}に、欲しいアイテムを / 伝えたこと	告诉{B}想要的道具	的事情
1352		1	B_NI	auto	に、欲しいアイテムが無く	やっぱりいい、と言ったこと	{B}に、欲しいアイテムが無く / やっぱりいい、と言ったこと	对{B}说没有想要的道具所以还是算了	的事情
1353		1	INTERNAL_AB	manual	の欲しがったアイテムを	$bにあげたこと	{B}の欲しがったアイテムを / $bにあげたこと	把{B}想要的道具给了{B}	的事情
1354		1	B_NO	auto	の欲しがったアイテムは	渡せない、と断ったこと	{B}の欲しがったアイテムは / 渡せない、と断ったこと	拒绝说不能把{B}想要的道具给{B}	的事情
1355		1	B_KARA	auto	からアイテムを貰い	礼を言ったこと	{B}からアイテムを貰い / 礼を言ったこと	从{B}那里收到道具后道谢	的事情
1356		1	B_NI	auto	に、体力回復用の	アイテムをねだったこと	{B}に、体力回復用の / アイテムをねだったこと	向{B}讨要恢复体力的道具	的事情
1357		1	B_NI	auto	に、喉の渇きを癒す	アイテムをねだったこと	{B}に、喉の渇きを癒す / アイテムをねだったこと	向{B}讨要解渴的道具	的事情
1358		1	B_NI	auto	に、目を覚まさせる	アイテムをねだったこと	{B}に、目を覚まさせる / アイテムをねだったこと	向{B}讨要提神的道具	的事情
1359		1	B_NI	auto	に、嫌いな	アイテムをねだったこと	{B}に、嫌いな / アイテムをねだったこと	向{B}讨要不喜欢的道具	的事情
1360		1	B_NI	auto	に、色欲を満たす	アイテムをねだったこと	{B}に、色欲を満たす / アイテムをねだったこと	向{B}讨要满足色欲的道具	的事情
1361		1	B_NI	auto	に、物欲を満たす	アイテムをねだったこと	{B}に、物欲を満たす / アイテムをねだったこと	向{B}讨要满足物欲的道具	的事情
1362		1	B_NI	auto	に、金目の	アイテムをねだったこと	{B}に、金目の / アイテムをねだったこと	向{B}讨要值钱的道具	的事情
1363		1	B_NI	auto	に、名誉欲を満たす	アイテムをねだったこと	{B}に、名誉欲を満たす / アイテムをねだったこと	向{B}讨要满足名誉欲的道具	的事情
1364		1	B_NI	auto	に、力欲を満たす	アイテムをねだったこと	{B}に、力欲を満たす / アイテムをねだったこと	向{B}讨要满足力量欲的道具	的事情
1365		1	B_NI	auto	に、皆に好かれたい時用の	アイテムをねだったこと	{B}に、皆に好かれたい時用の / アイテムをねだったこと	向{B}讨要用于博好感时的道具	的事情
1366		1	B_NI	auto	に、正義をなしたい時用の	アイテムをねだったこと	{B}に、正義をなしたい時用の / アイテムをねだったこと	向{B}讨要用于行正义时的道具	的事情
1367		1	B_NI	auto	に、恋に生きたい時用の	アイテムをねだったこと	{B}に、恋に生きたい時用の / アイテムをねだったこと	向{B}讨要用于恋爱时的道具	的事情
1368		1	B_NI	auto	に、何もしたくない時用の	アイテムをねだったこと	{B}に、何もしたくない時用の / アイテムをねだったこと	向{B}讨要用于什么都不想做时的道具	的事情
1369		1	B_NI	auto	に、トイレに行きたい時の	アイテムをねだったこと	{B}に、トイレに行きたい時の / アイテムをねだったこと	向{B}讨要用于上厕所时的道具	的事情
1370		1	B_NI	auto	に、友情に生きたい時用の	アイテムをねだったこと	{B}に、友情に生きたい時用の / アイテムをねだったこと	向{B}讨要用于追求友情时的道具	的事情
1371		1	B_NI	auto	に、親愛に生きたい時用の	アイテムをねだったこと	{B}に、親愛に生きたい時用の / アイテムをねだったこと	向{B}讨要用于表达亲爱时的道具	的事情
1372		1	B_NI	auto	に、体力回復用の	アイテムを差し出したこと	{B}に、体力回復用の / アイテムを差し出したこと	向{B}递出恢复体力的道具	的事情
1373		1	B_NI	auto	に、喉の渇きを癒す	アイテムを差し出したこと	{B}に、喉の渇きを癒す / アイテムを差し出したこと	向{B}递出解渴的道具	的事情
1374		1	B_NI	auto	に、目を覚まさせる	アイテムを差し出したこと	{B}に、目を覚まさせる / アイテムを差し出したこと	向{B}递出提神的道具	的事情
1375		1	B_NI	auto	に、嫌いな	アイテムを差し出したこと	{B}に、嫌いな / アイテムを差し出したこと	向{B}递出不喜欢的道具	的事情
1376		1	B_NI	auto	に、色欲を満たす	アイテムを差し出したこと	{B}に、色欲を満たす / アイテムを差し出したこと	向{B}递出满足色欲的道具	的事情
1377		1	B_NI	auto	に、物欲を満たす	アイテムを差し出したこと	{B}に、物欲を満たす / アイテムを差し出したこと	向{B}递出满足物欲的道具	的事情
1378		1	B_NI	auto	に、金目の	アイテムを差し出したこと	{B}に、金目の / アイテムを差し出したこと	向{B}递出值钱的道具	的事情
1379		1	B_NI	auto	に、名誉欲を満たす	アイテムを差し出したこと	{B}に、名誉欲を満たす / アイテムを差し出したこと	向{B}递出满足名誉欲的道具	的事情
1380		1	B_NI	auto	に、力欲を満たす	アイテムを差し出したこと	{B}に、力欲を満たす / アイテムを差し出したこと	向{B}递出满足力量欲的道具	的事情
1381		1	B_NI	auto	に、皆に好かれたい時用の	アイテムを差し出したこと	{B}に、皆に好かれたい時用の / アイテムを差し出したこと	向{B}递出用于博好感时的道具	的事情
1382		1	B_NI	auto	に、正義をなしたい時用の	アイテムを差し出したこと	{B}に、正義をなしたい時用の / アイテムを差し出したこと	向{B}递出用于行正义时的道具	的事情
1383		1	B_NI	auto	に、恋に生きたい時用の	アイテムを差し出したこと	{B}に、恋に生きたい時用の / アイテムを差し出したこと	向{B}递出用于恋爱时的道具	的事情
1384		1	B_NI	auto	に、何もしたくない時用の	アイテムを差し出したこと	{B}に、何もしたくない時用の / アイテムを差し出したこと	向{B}递出用于什么都不想做时的道具	的事情
1385		1	B_NI	auto	に、トイレに行きたい時の	アイテムを差し出したこと	{B}に、トイレに行きたい時の / アイテムを差し出したこと	向{B}递出用于上厕所时的道具	的事情
1386		1	B_NI	auto	に、友情に生きたい時用の	アイテムを差し出したこと	{B}に、友情に生きたい時用の / アイテムを差し出したこと	向{B}递出用于追求友情时的道具	的事情
1387		1	B_NI	auto	に、親愛に生きたい時用の	アイテムを差し出したこと	{B}に、親愛に生きたい時用の / アイテムを差し出したこと	向{B}递出用于表达亲爱时的道具	的事情
1451		1	B_NO	auto	のシンクロ技能訓練を	断ったこと	{B}のシンクロ技能訓練を / 断ったこと	拒绝{B}的同步技能训练	的事情
1452		1	B_NO	auto	のシンクロ技能訓練を	行ったこと	{B}のシンクロ技能訓練を / 行ったこと	进行{B}的同步技能训练	的事情
1460		1	B_NO	auto	のシンクロ技能訓練の	結果に、満足したこと	{B}のシンクロ技能訓練の / 結果に、満足したこと	对{B}的同步技能训练结果感到满意	的事情
1461		1	B_NO	auto	のシンクロ技能訓練の	結果に、安心したこと	{B}のシンクロ技能訓練の / 結果に、安心したこと	对{B}的同步技能训练结果感到安心	的事情
1462		1	B_NO	auto	のシンクロ技能訓練の	結果に、落胆したこと	{B}のシンクロ技能訓練の / 結果に、落胆したこと	对{B}的同步技能训练结果感到失望	的事情
1473		1	B_NI	auto	に、最近の出来事を	話したこと	{B}に、最近の出来事を / 話したこと	对{B}讲述最近发生的事情	的事情
1474		1	B_NI	auto	に、他人の出来事を	話したこと	{B}に、他人の出来事を / 話したこと	对{B}讲述别人的事情	的事情
1475		1	B_NI	auto	に、最近の愚痴を	話したこと	{B}に、最近の愚痴を / 話したこと	对{B}讲述最近的牢骚	的事情
1476		1	B_NI	auto	に、以前の出来事を	話したこと	{B}に、以前の出来事を / 話したこと	对{B}讲述以前的事情	的事情
1493		1	NO_B	auto	観葉植物を見たこと		観葉植物を見たこと	看观叶植物的事情	
1494		1	NO_B	auto	食堂のメニューを見たこと		食堂のメニューを見たこと	看食堂菜单的事情	
1495		1	NO_B	auto	ロッカーに	荷物を預けたこと	ロッカーに / 荷物を預けたこと	把行李存在储物柜	的事情
1496		1	NO_B	auto	ロッカーから	荷物を取り出したこと	ロッカーから / 荷物を取り出したこと	从储物柜取出行李	的事情
1497		1	NO_B	auto	ビデオを観たこと		ビデオを観たこと	看录像的事情	
1498		2	NO_B	auto	トイレに行ったこと		トイレに行ったこと	去洗手间的事情	
1499	1498	2	NO_B	auto	トイレに行ったこと		トイレに行ったこと	去洗手间的事情	
1500		1	B_NO	auto	の話に、	テキトーに相づちをうったこと	{B}の話に、 / テキトーに相づちをうったこと	对{B}的话随便附和	的事情
1501		1	B_NO	auto	の話に乗ったこと		{B}の話に乗ったこと	顺着{B}的话说的事情	
1502		1	B_NO	auto	の話に、	それだけか、と言ったこと	{B}の話に、 / それだけか、と言ったこと	对{B}的话说就这些吗	的事情
1503		1	B_NI	auto	に、最近の事を	尋ねたこと	{B}に、最近の事を / 尋ねたこと	向{B}询问最近的事情	的事情
1504		1	B_NI	auto	に、最近の事を	教えたこと	{B}に、最近の事を / 教えたこと	告诉{B}最近的事情	的事情
1507		1	B_NI	auto	に、今の体調を	尋ねたこと	{B}に、今の体調を / 尋ねたこと	向{B}询问现在身体状况	的事情
1508		1	B_NI	auto	に、今の体調を	教えたこと	{B}に、今の体調を / 教えたこと	告诉{B}现在身体状况	的事情
1509		1	B_NI	auto	に、最近の調子を	尋ねたこと	{B}に、最近の調子を / 尋ねたこと	向{B}询问最近的状况	的事情
1510		1	B_NI	auto	に、最近の調子を	教えたこと	{B}に、最近の調子を / 教えたこと	告诉{B}最近的状况	的事情
1511		1	B_NI	auto	に、お金をねだったこと		{B}に、お金をねだったこと	向{B}讨钱的事情	
1512		1	B_NI	auto	に、お金を渡したこと		{B}に、お金を渡したこと	把钱交给{B}的事情	
1513		1	B_KARA_NO	auto	からのお金の無心に	持ち合わせが無い、と断ったこと	{B}からのお金の無心に / 持ち合わせが無い、と断ったこと	告诉{B}说没带现钱拒绝{B}要钱	的事情
1514		1	B_KARA_NO	auto	からのお金の無心を	断ったこと	{B}からのお金の無心を / 断ったこと	拒绝{B}要钱	的事情
1531		1	B_NI	auto	に、不満をぶつけたこと		{B}に、不満をぶつけたこと	对{B}发泄不满的事情	
1532		1	B_KARA	auto	からぶつけられた不満を	黙って聞いていたこと	{B}からぶつけられた不満を / 黙って聞いていたこと	默默听{B}发泄不满	的事情
1533		1	B_KARA	auto	からぶつけられた不満に	文句を言い返したこと	{B}からぶつけられた不満に / 文句を言い返したこと	对{B}发泄的不满还嘴	的事情
1534		1	B_KARA	auto	から不満をぶつけられたが	相手にしなかったこと	{B}から不満をぶつけられたが / 相手にしなかったこと	被{B}发泄不满但没当回事	的事情
1535		1	B_WO	auto	を挑発するセリフを	吐いたこと	{B}を挑発するセリフを / 吐いたこと	对{B}说出挑衅的话语	的事情
1536		1	B_KARA	auto	から挑発されたが	黙って聞いていたこと	{B}から挑発されたが / 黙って聞いていたこと	被{B}挑衅但默默听着	的事情
1537		1	B_KARA	auto	から挑発され	文句を言い返したこと	{B}から挑発され / 文句を言い返したこと	被{B}挑衅后还嘴	的事情
1538		1	B_KARA	auto	から挑発されたが	馬鹿にするように笑ったこと	{B}から挑発されたが / 馬鹿にするように笑ったこと	被{B}挑衅后轻蔑地笑	的事情
1539		1	B_NO	auto	のΑΤの低調を	叱ったこと	{B}のΑΤの低調を / 叱ったこと	训斥{B}的AT低迷	的事情
1540		1	B_KARA	auto	からΑΤ低調を叱られ	黙って聞いていたこと	{B}からΑΤ低調を叱られ / 黙って聞いていたこと	被{B}训斥AT低迷后默默听着	的事情
1541		1	B_KARA	auto	からΑΤ低調を叱られ	文句を言い返したこと	{B}からΑΤ低調を叱られ / 文句を言い返したこと	被{B}训斥AT低迷后还嘴	的事情
1542		1	B_KARA	auto	からΑΤ低調を叱られ	力なく謝ったこと	{B}からΑΤ低調を叱られ / 力なく謝ったこと	被{B}训斥AT低迷后无力地道歉	的事情
1543		1	B_HENO	auto	への好意を表したこと		{B}への好意を表したこと	表达对{B}的好感的事情	
1544		1	B_KARA	auto	から友好的に接せられ	好意的に応対したこと	{B}から友好的に接せられ / 好意的に応対したこと	被{B}友好对待后也友好回应	的事情
1545		1	B_KARA	auto	から友好的に接せられ	普通に返したこと	{B}から友好的に接せられ / 普通に返したこと	被{B}友好对待后普通回应	的事情
1546		1	B_KARA	auto	から友好的に接せられ	邪険な態度で応対したこと	{B}から友好的に接せられ / 邪険な態度で応対したこと	被{B}友好对待后用冷漠态度回应	的事情
1547		1	B_NI	auto	に、気さくに	話しかけたこと	{B}に、気さくに / 話しかけたこと	亲切地向{B}搭话	的事情
1548		1	B_KARA	auto	から気さくに話しかけられ	好意的に応対したこと	{B}から気さくに話しかけられ / 好意的に応対したこと	被{B}亲切搭话后友好回应	的事情
1549		1	B_KARA	auto	から気さくに話しかけられ	普通に返したこと	{B}から気さくに話しかけられ / 普通に返したこと	被{B}亲切搭话后普通回应	的事情
1550		1	B_KARA	auto	から気さくに話しかけられ	邪険な態度で応対したこと	{B}から気さくに話しかけられ / 邪険な態度で応対したこと	被{B}亲切搭话后用冷漠态度回应	的事情
1551		1	B_NO	auto	のΑΤの高さを	感心してみせたこと	{B}のΑΤの高さを / 感心してみせたこと	对{B}的AT之高表示佩服	的事情
1552		1	B_KARA	auto	からΑΤの高さを感心され	好意的に応対したこと	{B}からΑΤの高さを感心され / 好意的に応対したこと	被{B}佩服AT高后友好回应	的事情
1553		1	B_KARA	auto	からΑΤの高さを感心され	普通に返したこと	{B}からΑΤの高さを感心され / 普通に返したこと	被{B}佩服AT高后普通回应	的事情
1554		1	B_KARA	auto	からΑΤの高さを感心され	邪険な態度で応対したこと	{B}からΑΤの高さを感心され / 邪険な態度で応対したこと	被{B}佩服AT高后用冷漠态度回应	的事情
1555		1	B_WO	auto	を見たこと		{B}を見たこと	看着{B}的事情	
1556		1	B_WO	auto	を好意的な目で見たこと		{B}を好意的な目で見たこと	用充满好感的目光看{B}的事情	
1557		1	B_KARA	auto	から好意的な目で見られて	軽い挨拶で返したこと	{B}から好意的な目で見られて / 軽い挨拶で返したこと	被{B}用充满好感的目光看后简单打招呼回应	的事情
1558		1	B_KARA	auto	から好意的な目で見られて	照れたこと	{B}から好意的な目で見られて / 照れたこと	被{B}用充满好感的目光看后害羞	的事情
1559		1	B_KARA	auto	から好意的な目で見られて	首をかしげたこと	{B}から好意的な目で見られて / 首をかしげたこと	被{B}用充满好感的目光看后感到费解	的事情
1560		1	B_KARA	auto	から好意的な目で	見られたが、無視したこと	{B}から好意的な目で / 見られたが、無視したこと	被{B}用充满好感的目光看但无视了	的事情
1561		1	B_WO	auto	を何気なく見たこと		{B}を何気なく見たこと	若无其事地看着{B}的事情	
1562		1	B_KARA	auto	から何気なく見られて	軽い挨拶で返したこと	{B}から何気なく見られて / 軽い挨拶で返したこと	被{B}若无其事地看后简单打招呼回应	的事情
1563		1	B_KARA	auto	から何気なく見られて	気まずい思いをしたこと	{B}から何気なく見られて / 気まずい思いをしたこと	被{B}若无其事地看着后感到尴尬	的事情
1564		1	B_KARA	auto	から何気なく見られたが	無視したこと	{B}から何気なく見られたが / 無視したこと	被{B}若无其事地看着但无视了	的事情
1565		1	B_WO	auto	を悪意を込めて見たこと		{B}を悪意を込めて見たこと	带着恶意看着{B}的事情	
1566		1	B_NO	auto	の視線に悪意を感じたので	睨み返したこと	{B}の視線に悪意を感じたので / 睨み返したこと	察觉到{B}视线中的恶意后瞪回去	的事情
1567		1	B_NO	auto	の視線に悪意を感じたので	目を逸らしたこと	{B}の視線に悪意を感じたので / 目を逸らしたこと	察觉到{B}视线中的恶意后移开视线	的事情
1568		1	B_NO	auto	の視線に悪意を感じたが	無視したこと	{B}の視線に悪意を感じたが / 無視したこと	察觉到{B}视线中的恶意但无视了	的事情
1569		1	B_NO	auto	の視線に悪意を感じたので	食って掛かったこと	{B}の視線に悪意を感じたので / 食って掛かったこと	察觉到{B}视线中的恶意后冲上去理论	的事情
1570		1	B_NI_TAISHITE	auto	に対して微笑んだこと		{B}に対して微笑んだこと	对{B}微笑的事情	
1571		1	B_NI_TAISHITE	auto	に対して同意したこと		{B}に対して同意したこと	对{B}表示同意的事情	
1572		1	B_NI_TAISHITE	auto	に対して	相づちを打ったこと	{B}に対して / 相づちを打ったこと	对{B}随声附和	的事情
1573		1	B_NI_TAISHITE	auto	に対して	気の無い返事をしたこと	{B}に対して / 気の無い返事をしたこと	对{B}敷衍回答	的事情
1574		1	B_NI_TAISHITE	auto	に対して、あいまいに	誤魔化す態度をしたこと	{B}に対して、あいまいに / 誤魔化す態度をしたこと	对{B}含糊糊弄过去	的事情
1576		1	B_KARA	auto	から目を逸らしたこと		{B}から目を逸らしたこと	移开看向{B}的目光的事情	
1577		1	B_NI	auto	に、うわの空な	態度をしたこと	{B}に、うわの空な / 態度をしたこと	对{B}心不在焉	的事情
1578	4	4	B_WO	auto	を無視したこと		{B}を無視したこと	无视{B}的事情	
1579		1	B_NI_TAISHITE	auto	に対して	ムッとしたこと	{B}に対して / ムッとしたこと	对{B}感到不高兴	的事情
1580		1	B_NI_TAISHITE	auto	に対して、しらけた	態度をしたこと	{B}に対して、しらけた / 態度をしたこと	对{B}表现冷淡态度	的事情
1581		1	B_NO	auto	の態度に	肩を落としたこと	{B}の態度に / 肩を落としたこと	因{B}的态度沮丧	的事情
1582		1	B_NO	auto	の態度に	うなだれたこと	{B}の態度に / うなだれたこと	因{B}的态度垂头丧气	的事情
1583		1	B_NO	auto	の態度に	ため息をついたこと	{B}の態度に / ため息をついたこと	因{B}的态度叹气	的事情
1584		1	B_NO	auto	の態度に	がっかりしたこと	{B}の態度に / がっかりしたこと	因{B}的态度失望	的事情
1585		1	B_NI_TAISHITE	auto	に対して	はにかんだこと	{B}に対して / はにかんだこと	对{B}感到害羞	的事情
1586		1	B_NO	auto	の心配をしたこと		{B}の心配をしたこと	担心{B}的事情	
1587		1	B_NI_TAISHITE	auto	に対して	不快感を持ったこと	{B}に対して / 不快感を持ったこと	对{B}感到不快	的事情
1588		1	B_NO	auto	の事を、好意的に	感じたこと	{B}の事を、好意的に / 感じたこと	对{B}抱有好感	的事情
1589		1	B_NO	auto	の態度に	ひるんだこと	{B}の態度に / ひるんだこと	被{B}的态度震慑到	的事情
1590		1	B_NI_TAISHITE	auto	に対して	礼を言ったこと	{B}に対して / 礼を言ったこと	向{B}道谢	的事情
1594		2	NO_B	auto	自滅促進プログラムの	作成を行ったこと	自滅促進プログラムの / 作成を行ったこと	制作自灭促进计划	的事情
1595	1594	2	NO_B	auto	自滅促進プログラムの	作成を行ったこと	自滅促進プログラムの / 作成を行ったこと	制作自灭促进计划	的事情
1596		1	NO_B	auto	自滅促進プログラムを	実行したこと	自滅促進プログラムを / 実行したこと	执行自灭促进计划	的事情
1597		1	B_TO	auto	と、ユニゾン訓練を	行ったこと	{B}と、ユニゾン訓練を / 行ったこと	和{B}进行同步训练	的事情
1600		1	NO_B	auto	シールはがしに	チャレンジしたこと	シールはがしに / チャレンジしたこと	挑战揭贴纸	的事情
1601		1	NO_B	auto	シールのシートを	確認したこと	シールのシートを / 確認したこと	查看贴纸页	的事情
1602	1279	6	B_NI	auto	に話しかけたこと		{B}に話しかけたこと	向{B}搭话的事情	
1603		1	B_NI	auto	に、懸賞の応募を	お願いしたこと	{B}に、懸賞の応募を / お願いしたこと	拜托{B}帮忙应征抽奖	的事情
1604		1	NO_B	auto	京都への出張計画書の	作成を行ったこと	京都への出張計画書の / 作成を行ったこと	制作去京都出差计划书	的事情
1605		1	NO_B	auto	青葉に電話をかけたこと		青葉に電話をかけたこと	给青叶打电话的事情	
1606		1	B_WO	auto	をデートに誘ったこと		{B}をデートに誘ったこと	约{B}去约会的事情	
1607		1	B_WO	auto	を問いただしたこと		{B}を問いただしたこと	追问{B}的事情	
1608		1	B_WO	auto	を誘ったこと		{B}を誘ったこと	邀请{B}的事情	
1609		1	NO_B	auto	力を解放したこと		力を解放したこと	解放力量的事情	
1610	143	3	B_WO	auto	を心配したこと		{B}を心配したこと	担心{B}的事情	
1611	1279	6	B_NI	auto	に話しかけたこと		{B}に話しかけたこと	向{B}搭话的事情	
1612		1	B_NO	auto	の容態を聞いたこと		{B}の容態を聞いたこと	询问{B}病况的事情	
1613		1	B_NI	auto	に、レイが入院したが	大した事では無い、と言ったこと	{B}に、レイが入院したが / 大した事では無い、と言ったこと	对{B}说丽住院了但没什么大不了	的事情
1614		1	B_NI	auto	に、レイが入院したが	すぐに退院する、と言ったこと	{B}に、レイが入院したが / すぐに退院する、と言ったこと	对{B}说丽住院了但马上就会出院	的事情
1615		1	B_NI	auto	に、レイが入院して	少し心配だ、と言ったこと	{B}に、レイが入院して / 少し心配だ、と言ったこと	对{B}说丽住院了有点担心	的事情
1616		1	B_NI	auto	に、レイが入院したが	重傷のようだ、と言ったこと	{B}に、レイが入院したが / 重傷のようだ、と言ったこと	对{B}说丽住院了好像是重伤	的事情
1617		1	B_NI	auto	に、レイが入院したが	大丈夫だろうか、と言ったこと	{B}に、レイが入院したが / 大丈夫だろうか、と言ったこと	对{B}说丽住院了不知道要不要紧	的事情
1618		1	B_NI	auto	に、レイが入院したが	死なないよね、と言ったこと	{B}に、レイが入院したが / 死なないよね、と言ったこと	对{B}说丽住院了不会死吧	的事情
1619		1	B_NI	auto	に、アスカが入院したが	大した事では無い、と言ったこと	{B}に、アスカが入院したが / 大した事では無い、と言ったこと	对{B}说明日香住院了但没什么大不了	的事情
1620		1	B_NI	auto	に、アスカが入院したが	すぐに退院する、と言ったこと	{B}に、アスカが入院したが / すぐに退院する、と言ったこと	对{B}说明日香住院了但马上就会出院	的事情
1621		1	B_NI	auto	に、アスカが入院して	少し心配だ、と言ったこと	{B}に、アスカが入院して / 少し心配だ、と言ったこと	对{B}说明日香住院了有点担心	的事情
1622		1	B_NI	auto	に、アスカが入院したが	重傷のようだ、と言ったこと	{B}に、アスカが入院したが / 重傷のようだ、と言ったこと	对{B}说明日香住院了好像是重伤	的事情
1623		1	B_NI	auto	に、アスカが入院したが	大丈夫だろうか、と言ったこと	{B}に、アスカが入院したが / 大丈夫だろうか、と言ったこと	对{B}说明日香住院了不知道要不要紧	的事情
1624		1	B_NI	auto	に、アスカが入院したが	死なないよね、と言ったこと	{B}に、アスカが入院したが / 死なないよね、と言ったこと	对{B}说明日香住院了不会死吧	的事情
1625		1	B_NI	auto	に、トウジが入院したが	大した事では無い、と言ったこと	{B}に、トウジが入院したが / 大した事では無い、と言ったこと	对{B}说冬治住院了但没什么大不了	的事情
1626		1	B_NI	auto	に、トウジが入院したが	すぐに退院する、と言ったこと	{B}に、トウジが入院したが / すぐに退院する、と言ったこと	对{B}说冬治住院了但马上就会出院	的事情
1627		1	B_NI	auto	に、トウジが入院して	少し心配だ、と言ったこと	{B}に、トウジが入院して / 少し心配だ、と言ったこと	对{B}说冬治住院了有点担心	的事情
1628		1	B_NI	auto	に、トウジが入院したが	重傷のようだ、と言ったこと	{B}に、トウジが入院したが / 重傷のようだ、と言ったこと	对{B}说冬治住院了好像是重伤	的事情
1629		1	B_NI	auto	に、トウジが入院したが	大丈夫だろうか、と言ったこと	{B}に、トウジが入院したが / 大丈夫だろうか、と言ったこと	对{B}说冬治住院了不知道要不要紧	的事情
1630		1	B_NI	auto	に、トウジが入院したが	死なないよね、と言ったこと	{B}に、トウジが入院したが / 死なないよね、と言ったこと	对{B}说冬治住院了不会死吧	的事情
1631		1	B_NI	auto	に、カヲルが入院したが	大した事では無い、と言ったこと	{B}に、カヲルが入院したが / 大した事では無い、と言ったこと	对{B}说薰住院了但没什么大不了	的事情
1632		1	B_NI	auto	に、カヲルが入院したが	すぐに退院する、と言ったこと	{B}に、カヲルが入院したが / すぐに退院する、と言ったこと	对{B}说薰住院了但马上就会出院	的事情
1633		1	B_NI	auto	に、カヲルが入院して	少し心配だ、と言ったこと	{B}に、カヲルが入院して / 少し心配だ、と言ったこと	对{B}说薰住院了有点担心	的事情
1634		1	B_NI	auto	に、カヲルが入院したが	重傷のようだ、と言ったこと	{B}に、カヲルが入院したが / 重傷のようだ、と言ったこと	对{B}说薰住院了好像是重伤	的事情
1635		1	B_NI	auto	に、カヲルが入院したが	大丈夫だろうか、と言ったこと	{B}に、カヲルが入院したが / 大丈夫だろうか、と言ったこと	对{B}说薰住院了不知道要不要紧	的事情
1636		1	B_NI	auto	に、カヲルが入院したが	死なないよね、と言ったこと	{B}に、カヲルが入院したが / 死なないよね、と言ったこと	对{B}说薰住院了不会死吧	的事情
1637		2	NO_B	auto	エヴァ修理効率見直しの	意見書作成を行ったこと	エヴァ修理効率見直しの / 意見書作成を行ったこと	制作EVA修理效率重审意见书	的事情
1638		2	NO_B	auto	エヴァ支援施設修復効率見直しの	意見書作成を行ったこと	エヴァ支援施設修復効率見直しの / 意見書作成を行ったこと	制作EVA支援设施修复效率重审意见书	的事情
1639		2	NO_B	auto	ネルフ対人防衛施設増強の	意見書作成を行ったこと	ネルフ対人防衛施設増強の / 意見書作成を行ったこと	制作NERV对人防卫设施增强意见书	的事情
1640		2	NO_B	auto	自販機業者変更の	意見書作成を行ったこと	自販機業者変更の / 意見書作成を行ったこと	制作自动贩卖机供应商更换意见书	的事情
1641	1637	2	NO_B	auto	エヴァ修理効率見直しの	意見書作成を行ったこと	エヴァ修理効率見直しの / 意見書作成を行ったこと	制作EVA修理效率重审意见书	的事情
1642	1638	2	NO_B	auto	エヴァ支援施設修復効率見直しの	意見書作成を行ったこと	エヴァ支援施設修復効率見直しの / 意見書作成を行ったこと	制作EVA支援设施修复效率重审意见书	的事情
1643	1639	2	NO_B	auto	ネルフ対人防衛施設増強の	意見書作成を行ったこと	ネルフ対人防衛施設増強の / 意見書作成を行ったこと	制作NERV对人防卫设施增强意见书	的事情
1644	1640	2	NO_B	auto	自販機業者変更の	意見書作成を行ったこと	自販機業者変更の / 意見書作成を行ったこと	制作自动贩卖机供应商更换意见书	的事情
1648	1325	2	NO_B	auto	事務技能の	訓練をしたこと	事務技能の / 訓練をしたこと	进行事务技能训练	的事情
1649	1326	2	NO_B	auto	情報技能の	訓練をしたこと	情報技能の / 訓練をしたこと	进行情报技能训练	的事情
1666	1253	2	B_NI	auto	に、一緒にネルフ本部へ	行こう、と持ちかけたこと	{B}に、一緒にネルフ本部へ / 行こう、と持ちかけたこと	向{B}提议一起去NERV总部	的事情
